"MailCity","n"
"",12
"Absarokee",29
"Absorkee",1
"Acton",3
"Albuquerque",1
"Alder",7
"Alexander",1
"Alexandria",1
"Alzada",6
"Anchorage",1
"Arlee",1
"Ashland",9
"Augusta",10
"BIllings",1
"Babb",3
"Baker",76
"Balgrade",1
"Ballantine",66
"Basin",2
"Baton Rouge",1
"Bayou Vista",1
"Belfry",8
"Belgade",1
"Belgrade",143
"Bellevue",1
"Belt",6
"Biddle",7
"Big Fork",3
"Big Sandy",1
"Big Sky",23
"Big Timber",21
"Big sky",1
"Big timber",1
"Bigfork",1
"Bighorn",1
"Billings",442
"Birney",1
"Bismarck",1
"Black Eagle",1
"Bloomfield",4
"Bossier City",1
"Boulder",15
"Boyd",5
"Boyes",5
"Bozeman",712
"Bridger",19
"Broadus",85
"Broadview",2
"Browning",9
"Buffalo",2
"Busby",2
"Butte",11
"Bynum",4
"Cameron",10
"Camp Crook",1
"Canyon Creek",3
"Canyon Ferry",1
"Capitol",3
"Cardwell",7
"Carmichael",1
"Carson City",1
"Carter",1
"Cascade",8
"Charlo",9
"Chaska",1
"Chester",1
"Cheyenne",1
"Chinook",8
"Chorlo",1
"Choteau",36
"Circle",4
"Clancy",29
"Claremore",1
"Clark",1
"Clyde Park",3
"Cody",39
"Coeur D'Alene",1
"Colorado Springs",2
"Colstrip",6
"Columbus",81
"Condon",1
"Conner",6
"Conrad",16
"Cooke City",3
"Coram",1
"Corvallis",92
"Cottonwood Heights",1
"Crow Agency",2
"Crown Point",1
"Culbertson",1
"Custer",8
"Cut Bank",41
"Cutbank",4
"Danville",2
"Darby",24
"Deaver",2
"Denton",10
"Denver",3
"Dillon",10
"Dodson",8
"Draper",1
"Dupuyer",4
"Dutton",9
"East Amherst",1
"East Glacier Park",2
"East Helena",33
"Edgar",3
"Ekalaka",39
"Elliston",4
"Emigrant",10
"Ennis",51
"Fairfield",36
"Fairview",7
"Fallon",7
"Falls City",1
"Fishtail",17
"Flaxville",5
"Florence",19
"Floweree",1
"Forsyth",39
"Fort Benton",14
"Fort Collins",1
"Fort Peck",2
"Fort Shaw",8
"Fort Smith",4
"Fortine",1
"Four Buttes",1
"Fox",1
"Frenchtown",1
"Fromberg",10
"Galata",2
"Gallatin Gateway",58
"Gardiner",6
"Garryowen",2
"Gazelle",1
"Geraldine",1
"Geyser",3
"Glacier County",1
"Glasgow",9
"Glen",1
"Glendive",58
"Gold Creek",1
"Grass Range",3
"Great Falls",59
"Greenland",1
"Greycliff",2
"Haines",1
"Hamilton",165
"Hammond",5
"Hardin",33
"Harlem",17
"Harlowton",6
"Harrison",4
"Havre",5
"Hays",2
"Helena",322
"Heron",4
"Hilger",6
"Hinsdale",10
"Hobson",5
"Hogeland",1
"Honolulu",1
"Hot Springs",3
"Huntley",58
"Hyde Park",2
"Hysham",19
"Ismay",7
"Jacksonville",1
"Jefferson City",6
"Joliet",52
"Jordan",4
"Judith Gap",1
"Kalispell",7
"Kevin",2
"Kila",2
"Kinsey",1
"La Jolla",1
"LaMesa",1
"Lake Sherwood",1
"Lakeside",1
"Lambert",8
"Lame Deer",16
"Larkspur",1
"Larslan",8
"Laurel",79
"Lavina",15
"Ledger",1
"Lewistown",47
"Libby",1
"Lincoln",13
"Lindsay",6
"Littleton",3
"Livingston",27
"Lodge Grass",10
"Logan",1
"Lolo",1
"Loma",9
"Lonepine",1
"Longmont",1
"Loring",4
"Lovell",3
"Luarel",1
"Lustre",4
"Lynchburg",1
"MCallister",1
"MT Vernon",1
"Magna",2
"Malta",58
"Manderson",1
"Manhattan",61
"Marmarth",3
"Martinsdale",9
"Marysville",2
"McAllister",12
"McLeod",3
"Meeteetse",5
"Melrose",1
"Melstone",16
"Melville",4
"Midway",1
"Miles City",41
"Milltown",1
"Missoula",6
"Moccasin",8
"Molt",17
"Montana City",4
"Moore",2
"Mosby",1
"Moses Lake",1
"Moses lake",2
"Mt Airy",1
"Musselshell",4
"Napa",1
"Nashua",14
"Nye",4
"Oilmont",3
"Oklahoma City",1
"Olive",9
"Omaha",2
"Opheim",3
"Otter",3
"Palisade",1
"Palmer",1
"Park City",28
"Parker",1
"Parkton",1
"Pasadena",1
"Peerless",4
"Pelican Island",1
"Pendroy",1
"Philipsburg",1
"Phoenix",1
"Plains",13
"Pleasant Grove",1
"Pleasantville",1
"Plentywood",1
"Plevna",23
"Pocatello",1
"Polebridge",1
"Polson",9
"Pompeys Pillar",6
"Ponte Vedra Beach",1
"Pony",9
"Poplar",4
"Portland",2
"Powderville",2
"Powell",63
"Power",6
"Pray",5
"Pryor",5
"Ralston",2
"Ramrod Key",1
"Ramsay",2
"Rapelje",5
"Rapid City",3
"Raynesford",8
"Recton",1
"Red Lodge",85
"Redstone",1
"Redwood City",2
"Reed Point",15
"Reno",3
"Richey",6
"Richland",4
"Ringling",3
"Roberts",24
"Ronan",14
"Roscoe",3
"Rosebud",6
"Roundup",113
"Roy",4
"Ryegate",18
"Saco",15
"Saint Xavier",6
"Sammamish",3
"San Anselmo",2
"San Carlos",1
"San Francisco",1
"San Ramon",1
"Sand Coulee",1
"Sand Springs",1
"Santa Barbara",2
"Saratoga",2
"Savage",9
"Scobey",18
"Seattle",3
"Shelby",4
"Shepard",2
"Sheperd",1
"Shepherd",64
"Sherborn",1
"Sheridan",10
"Shonkin",1
"Sidney",29
"Silesia",2
"Silver Star",1
"Simms",3
"Snohomish",1
"Spokane",3
"St Ignatius",2
"St Xavier",1
"St. Peters",1
"St. Xavier",1
"Stanford",38
"Stanley",1
"Stevensville",64
"Stockett",1
"Stoughton",1
"Sula",2
"Sumatra",1
"Sun River",7
"Sunburst",6
"Sweet Grass",1
"Terry",69
"Thompson Falls",4
"Thousand Oaks",1
"Three Forks",62
"Toston",13
"Townsend",15
"Trego",1
"Trout Creek",10
"Truckee",1
"Turner",5
"Twin Bridges",1
"Two Dot",2
"Ulm",16
"Valier",15
"Vaughn",5
"Ventura",1
"Victor",50
"Vida",10
"Virginia City",1
"Volborg",17
"W Yellowstone",1
"Walnut Creek",3
"Wamego",1
"Wapiti",5
"Washington",1
"Washington DC",1
"West Jordan",1
"West Yellowstone",32
"Westport",1
"White Sulphur Springs",10
"Whitehall",90
"Whitewater",10
"Wibaux",14
"Willard",1
"Williston",4
"Willow Creek",4
"Wilsall",8
"Winifred",11
"Winnett",13
"Wolf Creek",9
"Wolf Point",9
"Worden",67
"Worland",1
"Wright",1
"Wyola",1
"medicine Lake",1
"three forks",2
