"NameLast","n"
"",1
"44 Water",1
"Abbott",1
"Adams",2
"Adamski",1
"Adamson",3
"Addicks",1
"Addyman",1
"Aders",1
"Adkins",1
"Adolph",5
"Adrian",1
"Agge",1
"Agnew",1
"Agostino",1
"Ahhen",1
"Ahlgren",3
"Ainslie",1
"Ainsworth",3
"Alastra",1
"Alberts",1
"Albus",1
"Alden",1
"Alder",1
"Alderman",2
"Aldrich",1
"Alefteras",1
"Aleksay",1
"Allen",12
"Allison",2
"Allran",1
"Allsop",1
"Almanzar",1
"Alpert",1
"Alston",1
"Altenburger",1
"Althoff",1
"Aman",1
"Amaranth",2
"Amdahl",1
"Amore Talon",1
"Anderson",22
"Andrilzopoulus",1
"Anlian",1
"Apatoff",1
"Aquanet",1
"Arasim",1
"Archer",2
"Arduini",1
"Armbrister",1
"Armer",1
"Armijo",1
"Arms",1
"Armstad",2
"Armstrong",3
"Arnold",5
"Arntzen",1
"Arterburn",1
"Arthur",2
"Arvik",1
"Ashcraft",1
"Ashley",1
"Askin",1
"Asperig",1
"Association of Unit Owners Greenhead Condos",1
"Atchison",1
"Atkins",1
"Atkinson",3
"Atwood",1
"Auclair",1
"Audet",1
"Aus",1
"Austin",1
"Axtell",1
"Ayers",3
"Aytes",1
"Babits",1
"Babst",1
"Baccus",1
"Backman",1
"Bacon",2
"Badlands Electric Inc",1
"Badovinac",1
"Bagwell",1
"Bahls",1
"Bahn",3
"Bailey",2
"Baker",6
"Bakke",2
"Bakken",1
"Baldry",4
"Bale",1
"Bales",4
"Balkenbush",3
"Ball",4
"Ballard",4
"Baltrusch",1
"Balzer",3
"Banalett",1
"Banderob",1
"Bankhead",1
"Banks",2
"Banner",4
"Barbee",2
"Barham",1
"Baris",1
"Barkhoff",1
"Barkley",1
"Barlogio",1
"Barlow",1
"Barner",1
"Barnes",1
"Barney",1
"Barnhart",1
"Barnosky",1
"Barrett",1
"Bartels",1
"Barth",1
"Barton",3
"Barwick",1
"Bashkirew",1
"Bassett",1
"Basta",2
"Bastrom",4
"Batchelor",1
"Bates",1
"Bauer",1
"Baum",1
"Baumann",2
"Baumgartner",1
"Baxbaum",1
"Bayless",1
"Beach",2
"Beale-Spencer",1
"Bean",2
"Beard",2
"Beartooth Ranch LLC",1
"Beattie",1
"Beatty",2
"Beauregard",1
"Beck",7
"Becken",1
"Becker",4
"Beckers",4
"Beckes",1
"Beckley",1
"Beddes",1
"Bedey",1
"Beebout",1
"Beery",1
"Beeter",1
"Begeman",1
"Begger",2
"Behm",1
"Behr",1
"Behrman",1
"Beitz",1
"Bekkedahl",1
"Bekker",1
"Belk",2
"Bell",6
"Beller",1
"Belohlavek",2
"Beltz",1
"Bench",2
"Benner",1
"Bennett",7
"Benoit",1
"Benson",4
"Bentz",1
"Benz",1
"Benzel",1
"Benzel Brothers",1
"Berard",1
"Berezay",2
"Berg",8
"Bergen Farms",1
"Bergen Farms Inc",3
"Bergh",1
"Berghausen",1
"Bergin",2
"Bergin Sr",1
"Berglee",1
"Bergstrom",3
"Bergum",1
"Bernard",2
"Berndt",2
"Bernhardt",1
"Bertolino",1
"Bessey",1
"Bessler",1
"Bestor",1
"Betancourt",1
"Betschart",2
"Beukenhorst",1
"Beyer",1
"Beyers",1
"Biddle School",1
"Biere",1
"Big Horn Water Systems",1
"Bigelow",1
"Biggart",1
"Bilden",3
"Billau",1
"Billedeaux",1
"Bilotti",2
"Bilyeu",1
"Bink",1
"Bintz",1
"Birchell",1
"Bird",10
"Bishop",1
"Bjornstad Land and Cattle LLC",1
"Black",1
"Blackburn",2
"Blackford",1
"Blackwell",4
"Blackwood",1
"Blade",1
"Blades",1
"Blain",1
"Blake",4
"Blakesley",2
"Blanchet",1
"Blatter",1
"Blattie",1
"Bleazard",1
"Blegen",2
"Block",1
"Blodnick",1
"Bloedel",2
"Blond",2
"Blood",1
"Bloom",3
"Blunt",1
"Bobb",1
"Bobst",1
"Bodkin",1
"Boe",1
"Bogar",7
"Boggio",1
"Bogunovich",2
"Bohle",5
"Bolan",1
"Boland",1
"Bold",1
"Bolejack",1
"Bomar",1
"Bond",2
"Bonem",1
"Boocher",1
"Boone",1
"Booth",1
"Border",1
"Borman",1
"Borner",4
"Borninkhof",1
"Bornus",2
"Boroughs",1
"Borseth",1
"Borsheim",1
"Boschee",1
"Bosserman",1
"Boswell",2
"Botch",2
"Bothner",4
"Boucher",3
"Bowers",2
"Bowery",1
"Bowler",1
"Bowles",1
"Bowman",7
"Box",1
"Boyce",5
"Boyd",3
"Boyer",1
"Boyl",1
"Bozeman",1
"Braaksma",1
"Bradford",1
"Bradley",7
"Brady",1
"Bragg",2
"Brainard",3
"Brajeich",1
"Brando",2
"Brandstadt",1
"Brandt",1
"Brandvik",1
"Brangoccio",4
"Branstetter",1
"Brantley",1
"Bratvold",5
"Bratvord",1
"Breck",1
"Breeding",3
"Brehm",1
"Breining",1
"Breipottl",1
"Brekke",5
"Brelsford",7
"Brence",1
"Brenneman",1
"Brester",1
"Brewer",2
"Brewington",1
"Bridgewater",1
"Briggs",1
"Brink",1
"Brinkman",1
"Bristow",1
"Britt",1
"Broadus",1
"Broberg",1
"Brockel",1
"Brodston",1
"Broker",1
"Brooks",2
"Brooks Hops",3
"Brooks-Hops",3
"Brost",2
"Brough",1
"Brouillette",1
"Brower",1
"Brown",15
"Brownfield",1
"Broyles",3
"Brubaker",1
"Bruce",2
"Bruchhauser",3
"Brumfield",1
"Brummer",1
"Brunn",1
"Brunner",1
"Brusda",1
"Brush",1
"Brutger",2
"Bruton",1
"Brutsman",1
"Bruun",1
"Bryan",2
"Buchanan",4
"Bucholz",1
"Buckley",1
"Bue",1
"Buhl",2
"Buhmann",1
"Bull Cheif",1
"Buller",1
"Bullis",1
"Bumgardner",2
"Bumol",1
"Bunch",1
"Bunkers",1
"Bunn",2
"Bunnell",1
"Bunting",2
"Burch",4
"Burgess",1
"Burggraff",1
"Burk",1
"Burke",2
"Burley",1
"Burlingame",1
"Burns",2
"Burrington",1
"Burrows",3
"Burt",1
"Burton",2
"Busby",1
"Busch",1
"Buschbom",1
"Bush",1
"Bushfield",1
"Bushman",4
"Butler",4
"Butsick",1
"Butterfly Sr",1
"Butzlaff",1
"Buxbaum",1
"Buzzell",1
"Bybee",1
"Byorth",4
"Byrd",1
"Byrne",1
"Byron",3
"Caffrey",1
"Cahoun",1
"Cain",8
"Calderon",1
"Calentine",1
"Cameron",1
"Camp",1
"Camp Needmore",1
"Campbell",3
"Canaris",1
"Cantrell",2
"Cantu",1
"Cape",2
"Capp",1
"Capser",1
"Carda",1
"Cardwell",1
"Carico",1
"Carioto",1
"Carlisle",1
"Carlsen",2
"Carlson",5
"Carlstrom",1
"Carlton",1
"Carmen",4
"Carpenter",4
"Carr",1
"Carrel",1
"Carrigan",2
"Carroll",5
"Carson",1
"Carter",4
"Carver",1
"Casey",1
"Castillo",3
"Castleberry",3
"Castro",1
"Caswell",1
"Caterina",1
"Cathey",3
"Cauble",1
"Cavender",2
"Cavinder",1
"Cederberg",1
"Centennial Livestock",1
"Chaffin",1
"Chamberlain",1
"Champa",2
"Chanesian",1
"Chaney",1
"Chang",2
"Chapman",6
"Chaput",1
"Charter",2
"Chaut",1
"Cheff",1
"Chester",1
"Chestnut",1
"Chidester",1
"Choat",2
"Choate",1
"Chormicle",1
"Christensen",2
"Christenson",1
"Christiansen",1
"Christianson",5
"Christofferson",2
"Christophersen",1
"Christy",1
"Church",1
"Churchil",1
"Churchill",1
"Cicci",1
"Citi",1
"Claeys",1
"Claffey",1
"Clark",10
"Clary",2
"Clarys",1
"Claunch",1
"Clayton",1
"Clement",1
"Clements",3
"Cleveland",1
"Click",2
"Cliff",1
"Clifton",1
"Cline",1
"Clingingsmith",2
"Clow",7
"Coakley",2
"Cobetto",1
"Codden",1
"Coe",1
"Coffee",2
"Coffee Cattle Company",1
"Cohen",3
"Coker",1
"Colberg",1
"Colburn",3
"Coldiron",1
"Cole",13
"Coleman",3
"Coley",1
"Collins",8
"Colvin",1
"Colwell",1
"Combes",1
"Combs",1
"Compass Cattle LLC",1
"Connelley",1
"Connoly",1
"Conrady",1
"Conroy",2
"Considine",16
"Const",1
"Conver",1
"Cook",2
"Cooley",3
"Coonen",1
"Cooper",3
"Cope",1
"Copeland",1
"Copenhagen",1
"Copple",1
"Copps",1
"Corcoran",2
"Corddry",1
"Cordell",1
"Cordill",1
"Corkran",1
"Corneliusen",3
"Cornwell",1
"Corte",1
"Cory",1
"Coss Shay",1
"Costigan",1
"Costin",2
"Cote",2
"Coty",1
"Cougill",2
"Coulimare",1
"Coulimore",1
"Countway",1
"Cousin",1
"Covel",2
"Cowan",1
"Cowden",1
"Cox",2
"Cozzens",1
"Craft",2
"Craig",3
"Craighead",1
"Cramer",1
"Crandell",2
"Crane",2
"Cratty",1
"Crawford",3
"Creek",1
"Cremer",4
"Cress",1
"Cressler",4
"Cretsinger",1
"Criner",1
"Croft",2
"Cromwell",1
"Crootof",1
"Crosbie",1
"Cross",4
"Cross W Livestock",1
"Crossman",1
"Crossroads Construction",1
"Crouch",1
"Crowe",1
"Crummett",2
"Crump",1
"Cruz",1
"Cullen",1
"Cummings",2
"Cunningham",4
"Curry",1
"Curtis",1
"Curtiss",1
"Cushing",1
"Cusker",1
"Cutler",1
"Cutshaw",2
"Cyr",1
"DaSilva",1
"Dahl",2
"Dahlhausen",1
"Dahlman",2
"Daines",1
"Dalimata",1
"Dandliker",1
"Danforth",1
"Daniel",1
"Daniels",1
"Danielsen",1
"Danielson",1
"Danko",1
"Danreuther",4
"Darfler",1
"Daudelin",1
"Daugherty",1
"Daul",2
"Davey",1
"Davidson",4
"Davies",2
"Davis",11
"Dawson",1
"Day",1
"Dayton",1
"DeBello",2
"DeBernardis",1
"DeBoo",2
"DeBorde",1
"DeCock",1
"DeCook",1
"DeFelice",1
"DeGoes",1
"DeGroat",1
"DePuydt",2
"DeSaveur",1
"DeSoto",1
"DeVore",1
"DeVries",3
"DeWolfe",1
"Dean",1
"Debello",4
"Debruycker",1
"Decker",1
"Deeks",1
"Defferding",1
"Degroat",1
"Deines",1
"Delisi",1
"Delp",3
"Delph",1
"Dennis",1
"Denny",1
"Depner Farms Inc",1
"Depuydt",1
"Derry",1
"DesJarlais",1
"Deschamps",2
"Detlor",1
"Deupree",1
"Deutsch",1
"Devener",1
"Devers",1
"Devous",1
"DiNovi",1
"Diamond 4D",1
"Diamond 4D Ranch",4
"Dickert",2
"Dickhaut",1
"Diede",1
"Diegel",1
"Diehl",2
"Dietrich",2
"Diffley",2
"Dimond",1
"Dinardi",1
"Dinori",1
"Dinovi",1
"Dinstel",3
"Dion",3
"Dirkers",1
"Dixson",1
"Dobson",2
"Dodd",1
"Dodson",1
"Doeden",1
"Doehring",1
"Dolan",6
"Doleac",1
"Dolecheck",1
"Dolson",1
"Dombrosky",1
"Donally",1
"Donnelly",3
"Donnes",2
"Donovan",1
"Dorvall",1
"Dosen",1
"Dosier",1
"Dougherty",1
"Douglas",1
"Douma",5
"Doumitt",1
"Dowdy",1
"Dowler",2
"Downing",2
"Doyle",5
"Draine",1
"Drarishkis",1
"Dreeszen",2
"Dreker",1
"Dresen",1
"Dressler",1
"Drinkwalter",1
"Driscoll",1
"Drobnik",1
"Druckenmiller",1
"Drummond",4
"Dudley",2
"Duffield",1
"Duffy",2
"Dufresne",1
"Duke",1
"Dunbar",6
"Duncan",3
"Dundley",1
"Dunn",3
"Dunne",1
"Durrett",1
"Duschene",1
"Dusek",1
"Dutcher",1
"Dutton",2
"Dvorak",1
"Dwyer",1
"Dye",1
"Dygert",2
"Dyk",1
"Dyksterhouse",1
"Dylla",2
"Eadie",1
"Eagle",1
"Earhart",1
"Eastman",2
"Easton",1
"Eaton",5
"Eayrs",1
"Echterling",1
"Eckberg",2
"Edam",2
"Edgerley",1
"Edlund",1
"Edmunds",1
"Ednie",1
"Edson",1
"Edwards",1
"Efta",1
"Egermier",2
"Eggert",2
"Eggiman",3
"Ehlers",1
"Eichkoff",1
"Eide",1
"Eikom",1
"Eisenbraun",1
"Eisenrich",1
"Eklund",2
"Elam",1
"Eldredge",1
"Eliasson",1
"Elliot",3
"Elliott",1
"Ellis",10
"Elmer",1
"Elmore",3
"Elpel",5
"Elton",2
"Embody",1
"Emery",1
"Emmett",1
"Emmons",4
"Emond",1
"Eney",1
"Engebretson",1
"Engelman",1
"Enger",1
"Engler",1
"English",2
"Engstrom",1
"Enkerud",1
"Ennis",1
"Enos",4
"Enright",2
"Epperson",1
"Erbe",1
"Ereaux",2
"Ereth",1
"Erhardt",1
"Erholm",1
"Erick",1
"Ericksen",1
"Erickson",5
"Erskine",1
"Erstad",2
"Essary",1
"Estus",1
"Ethen",1
"Evans",7
"Evashevski",1
"Eve",1
"Evenson",2
"Everette",2
"Evertz",3
"Ewalt",1
"Ewen",3
"Ewing",5
"Eyman",1
"Ezell",1
"Falk",1
"Fallon",1
"Fambro",1
"Familin",1
"Fanning",1
"Farley",1
"Farlow",1
"Farm In The Dell",1
"Farm in Dell",1
"Farm in the Dell",8
"Farnell",1
"Farr",1
"Farrell",1
"Farve",1
"Farver",3
"Fasules",1
"Fawthrop",1
"Fay",1
"Fehr",1
"Feickert",3
"Felker",2
"Fellman",1
"Felt",1
"Fenlason",1
"Fenstermaker",1
"Ference",1
"Fergus",1
"Fergus Electric Cooperative",1
"Ferguson",4
"Ferlicka",1
"Ferree",1
"Ferriter",1
"Ferster",1
"Few",1
"Feyhl",1
"Fiedler",1
"Field",2
"Fields",1
"Fike",1
"Fikes",1
"Filler",1
"Finch",1
"Findon",2
"Fink",2
"Finken",1
"Finney",2
"Firestone",1
"Fischer",1
"Fiscus",4
"Fish",2
"Fishback",1
"Fisher",4
"Fisk",1
"Fitch",1
"Fitz",1
"Fitzgerald",1
"Fix",1
"Fladager",1
"Fladstol",1
"Flanscha",1
"Flattum Kimmell",1
"Fleming",1
"Fletcher",1
"Fleury",2
"Flick",1
"Flikkema",1
"Flor",3
"Flores",2
"Flying D Ranch",2
"Flying J Ranch",1
"Flynn",6
"Foch",1
"Folgert",1
"Folk",1
"Folkerts",1
"Follmer",3
"Folsom",1
"Forberg",1
"Ford",8
"Fordham",3
"Fosket",2
"Fosland Jr",1
"Fossen",1
"Foster",1
"Foth",1
"Foulger",1
"Fountaine",1
"Four Buttes Supper Club",1
"Foust",2
"Fowler",5
"Fowlkes",1
"Fox Ridge Condo Assn",2
"Foy",1
"Frank",2
"Franklin",1
"Franzmann",1
"Fraser",4
"Frazer",1
"Frazier",1
"Fredrickson",2
"Freeman",1
"French",2
"Frey",12
"Frickel",1
"Frideres",1
"Friedo",1
"Frisella",6
"Fritz",4
"Fry",1
"Frye",2
"Fryer",4
"Fuhrman",1
"Fuller",2
"Fulton",2
"Gabbert",1
"Gabel",2
"Gadberry",1
"Gaddis",2
"Gale",3
"Galindo",1
"Gallager",1
"Gallagher",1
"Gallatin Conservation District",1
"Gallinger",1
"Galloway",2
"Galusha Sommer",1
"Gandy",1
"Garback",1
"Garcia",1
"Garden",1
"Gardiner",1
"Gardipee",4
"Gardner",4
"Gardzina",1
"Garfield",2
"Garrison",1
"Garsjo",1
"Gary",1
"Gaskill",1
"Gasparovich",1
"Gaugler",1
"Gaustad",1
"Gauthier",1
"Gavin",1
"Gaylord",1
"Gazelles Oil Field Service",1
"Geary",1
"Geck",1
"Geddes",2
"Gee",1
"Geer",1
"Geise",1
"Geiser",1
"Gelsleichter",1
"George",5
"Georgeson",2
"Gereghty",1
"Gerhard",1
"Gerrity",1
"Gerstenberger",1
"Gervais",1
"Getchell",2
"Gettings",1
"Giaquinto",1
"Giard",10
"Gibson",3
"Gierke",1
"Giest",1
"Gifford",3
"Gildroy",1
"Gilger",1
"Gilhousen",1
"Gill",1
"Gillespie",1
"Gilmor",1
"Gilmore",1
"Gimpel",1
"Gingerich",1
"Ginn",1
"Gion",1
"Gisler",2
"Glaser",1
"Gleich",1
"Gless",1
"Glisson",1
"Glivar",1
"Glover",1
"Gluhm",1
"Gluth",1
"Gnerer",1
"Gockesmith",2
"Godfrey",2
"Goertz",1
"Goffena",7
"Goggins",1
"Goheen",1
"Goins",1
"Goldhahn",1
"Goldstein",1
"Goldstem",1
"Golini",3
"Gollehon",1
"Goltz",1
"Gonitzke",2
"Good",1
"Goodale",1
"Goodell",1
"Goodheart",1
"Goodman",3
"Goosen",1
"Gores",1
"Goroski",1
"Gosselin",1
"Gowdy",1
"Grabinski",2
"Grabofsky",3
"Grace",2
"Gracely",3
"Graff",1
"Graham",1
"Gram",1
"Graman",1
"Grande",1
"Grant",1
"Grapevine Ranch",2
"Gravert",2
"Graybill",2
"Grebe",3
"Green",5
"Greene",4
"GreeneBeloit",2
"Greenfeder",1
"Greenup",2
"Greer",1
"Grewe",1
"Greytak",1
"Grice",5
"Griffin",6
"Griffith",2
"Grigg",3
"Grimes",1
"Grimm",1
"Grimmett",2
"Grimsrud",7
"Grindheim",1
"Grinn",1
"Grinyer",2
"Groombridge",2
"Grose",1
"Grosenick",1
"Grosjean",1
"Grossenbacher",4
"Grossman",2
"Grosulak",2
"Groth",1
"Grove",1
"Grubb",2
"Gruber",1
"Gruehl",1
"Gruenhagen",1
"Grusonik",1
"Gryder",1
"Grygiel",1
"Guerin",1
"Guglietta",1
"Guidoni",1
"Gulledge",1
"Gundermann",1
"Gunderson",1
"Gustin",1
"Guthrie",2
"Guyer",1
"Guzman",1
"Gvelde",1
"Gwynn",1
"H-Town Property Management",1
"HJ Hammond Ranch INC",1
"HJ Hammond Ranch Inc",1
"Haas",4
"Haber",1
"Haberman",2
"Habitat for Humanity of Ravalli Co",1
"Hackel",1
"Hadcock",2
"Hadley",1
"Haeg",3
"Hafer",8
"Hagberg",2
"Hageman",2
"Hagen",1
"Hagener",1
"Hagenston",2
"Hager",1
"Hagerman",3
"Haggerty",1
"Hahn",1
"Haight",1
"Haire",1
"Hajenga",2
"Halbach",3
"Halbe",2
"Hale",1
"Halko",1
"Hall",1
"Hallett",1
"Halverson",2
"Ham",1
"Hamilton",3
"Hamlin",1
"Hammell",1
"Hammer",4
"Hammond",8
"Hammonds",1
"Hancock",1
"Hand",1
"Handford",1
"Handy",2
"Hankel",1
"Hankins",3
"Hanley",1
"Hannan",1
"Hanrahan Farms",1
"Hanratty",2
"Hansen",4
"Hanson",6
"Hape",1
"Haraldson",1
"Harbac",3
"Hardeman",5
"Hardy",1
"Hari",1
"Harkin",1
"Harmata",2
"Harms",1
"Harper",2
"Harrell",2
"Harrick",1
"Harrington",4
"Harris",17
"Harrison",1
"Hart",2
"Hartman",2
"Hartmann",1
"Hartwell",1
"Hartzheim",2
"Harvey",2
"Hasbrowck",1
"Haskin",2
"Hasselmann",1
"Hasting",2
"Hatlelid",1
"Hatten",4
"Haug",2
"Haugum",1
"Havener",1
"Hawkes",1
"Hawks",1
"Hayden",1
"Haynes",3
"Hays",2
"Healey",1
"Healy",1
"Heaps",1
"Heard",1
"Heaton",1
"Hebert",1
"Hebrlee",1
"Hecker",1
"Hedditch",1
"Hedrick",1
"Hedstrom",1
"Heffner",1
"Heggem",1
"Heidmann",2
"Heikes-Knapton",1
"Heilman",1
"Hein",1
"Heinert",1
"Heinhart",1
"Heisel",2
"Heitkemper",1
"Helius",1
"Helland",1
"Hellebusch",1
"Heller",1
"Hemingway",1
"Henderson",4
"Hendricks",1
"Hendrickson",1
"Henley",1
"Henninger",1
"Henrichs",1
"Henry",4
"Hepper",1
"Heppler",1
"Heramb",2
"Herbel",1
"Herbert",2
"Herdt",1
"Herman",2
"Hernandez",1
"Herndon",1
"Herrick",4
"Herzog",2
"Heser",1
"Hess",2
"Heuscher",1
"Heyen",1
"Heyneman",1
"Hibbs",3
"Hibl",1
"Hickey",1
"Hickman",1
"Hicks",2
"Hickson",1
"Hicswa",1
"Hiedrich",1
"Higgins",3
"High",1
"Highland",1
"Higinbotham",1
"Higton",2
"Hill",6
"Hillman",1
"Hillyerd",4
"Himsl",1
"Hindley",1
"Hines",1
"Hinesley",3
"Hinesly",1
"Hintz",1
"Hinz",3
"Hitchcock",2
"Hoag",1
"Hoagland",1
"Hobish",8
"Hocker",1
"Hodges",1
"Hodgskiss",1
"Hoefle",1
"Hoeppner",1
"Hofeldt",1
"Hofer",2
"Hoff",7
"Hoffer",1
"Hoffman",3
"Hoffmann",1
"Hofmann",1
"Hogan",1
"Hogsett",1
"Hohn",1
"Holden",4
"Holderness",1
"Holfeld",2
"Hollenbaugh",1
"Holley",1
"Hollingsworth",1
"Hollow",1
"Holm",1
"Holster",1
"Holt",1
"Holton",1
"Holwegner",1
"Holzer",7
"Hooker",2
"Hoover",3
"Hope",1
"Hopkins",2
"Hoppe",1
"Hopper",7
"Horat",1
"Horn",3
"Horner",2
"Horning",1
"Horswill",1
"Hoseth",2
"Hostetler",1
"Hotchkiss",2
"Hould",2
"House",14
"Housh",1
"Houston",3
"Hovermale",1
"Hovious",1
"Howard",2
"Howell",1
"Hower",1
"Hrysenko",1
"Hubbard",1
"Hubble",1
"Huberty",2
"Huck",2
"Huckfeldt",1
"Huff",1
"Hufnagl",1
"Hughes",10
"Huizenca",1
"Hulit",1
"Hull",1
"Hundley",1
"Hungate",1
"Hunt",1
"Hunter",6
"Hunthausen",1
"Huntley",1
"Huntley Project Schools",2
"Hurin",2
"Hurley",4
"Hurwitz",1
"Huso",1
"Huston",1
"Hutcheon",1
"Hutchison",1
"Hutton",1
"Hutzenbiler",2
"Huyser",1
"Hyatt",1
"Hyman",1
"Ibey",1
"Icenoggle",1
"Icopini Farms Inc",1
"Idso",1
"Ihle",1
"Iles",4
"Inabnit",2
"Inde",1
"Indreland",2
"Ioder",1
"Irgens",4
"Irish",1
"Irizarry",4
"Island Mountain Development Group",1
"Jackson",1
"Jacksons Garden Inc",1
"Jacobs",2
"Jacobson",1
"Jadwin",1
"Jaeger",1
"Jaffe",3
"Jagodzinski",1
"Jahn",2
"Jakober",2
"Jameson",2
"Janiak",1
"Janney",1
"Jannusch",1
"Jansen",2
"Janssen",1
"Jardon",1
"Jardstrom",1
"Jarrett",1
"Jeffrey",1
"Jenni",1
"Jens",1
"Jensen",5
"Jensen Dairy Inc",1
"Jerry",1
"Jessop",9
"Jezewski",1
"Jimmerson",1
"Jo Simons",1
"Joehren",1
"Johannes",1
"John",1
"Johns",7
"Johnson",36
"Johnsrud",1
"Johnston",4
"Johnstone",3
"Jolliff",1
"Jones",43
"Jones (Turner Christian Church)",1
"Jong",1
"Jordahl",1
"Jordan",3
"Jore",1
"Jorgensen",1
"Jorgenson",1
"Josephson",1
"Joslin",1
"Judith Lodge #86",1
"Juedeman",1
"Julson",1
"June",1
"Juntunen",1
"Justice",1
"Jutila",1
"Kack",1
"Kaczmarek",1
"Kadlec",1
"Kain",1
"Kaiser",1
"Kalberg",1
"Kaleva",2
"Kalfell",3
"Kalinowski",2
"Kallio",2
"Kalstrom",3
"Kamis",1
"Kamp",4
"Kampfer",1
"Kapphan",1
"Karl",1
"Kasten",1
"Kastner",2
"Katzenberger",2
"Kaufman",1
"Kautz",1
"Kautzman",3
"Kautzmann",1
"Kay",1
"Kazimi",1
"Kearney",1
"Keating",1
"Keats",1
"Keefer",3
"Keen",2
"Keener",2
"Kegel",1
"Keigley",4
"Keim",1
"Keller",4
"Kelley",1
"Kellison",1
"Kellner",1
"Kellogg",2
"Kelly",5
"Kemp",1
"Kendall",1
"Kenelly",1
"Kennaueh",1
"Kennedy",4
"Kephart",2
"Kern",8
"Kernahan",1
"Kerr",1
"Kerr Parrot",1
"Kerschall",1
"Kerstein",1
"Kessel",1
"Kessler",1
"Kester",1
"Kestner",1
"Ketchum",1
"Kettenring",1
"Key",1
"Kidney",1
"Kidwell",1
"Kiel",1
"Kiff",1
"Kiff Ranch Inc",2
"Kiloh",1
"Kim",1
"Kincheloe",2
"Kind",1
"Kindsfather",1
"King",2
"Kinkelaar",1
"Kinser",2
"Kinsey",2
"Kinsfather",2
"Kinsley",1
"Kipp",3
"Kirby",1
"Kirchhoff",1
"Kirkland",1
"Kirkpatrick",2
"Kittelmann",1
"Klaas",4
"Klaman",1
"Klare",1
"Klaustermeier",1
"Klein",3
"Kleinsasser",2
"Kleman",2
"Klempel",3
"Klick",1
"Kliewer",1
"Kligerman",1
"Klimper",1
"Klind",1
"Kluchko",5
"Kluver",2
"Knapp",1
"Knize",1
"Knotts",1
"Knox",1
"Knudsen",3
"Knudson",1
"Knuths",1
"Knutson",6
"Koch",3
"Koehler",4
"Koehn",2
"Koelling",1
"Koessl",3
"Koivu",2
"Koiyu",1
"Kolberg",1
"Kolka",1
"Kollenkark",2
"Kolstad",1
"Komac",2
"Kombol",3
"Kondratuk",1
"Konen",3
"Konzak",1
"Koos",2
"Korell",3
"Korhonen",1
"Korman",1
"Kornick",1
"Koski",1
"Koss",5
"Kosto",1
"Kottke",2
"Kotur",2
"Kovanda",1
"Kovash",2
"Kraemer",2
"Kraft",4
"Kragt",2
"Kramer",3
"Kramlich",1
"Krauszer",3
"Krebsbach",1
"Kreich",2
"Krenzer",1
"Kresan",2
"Kriech",12
"Krieg",2
"Krieger",5
"Krimendahl",1
"Kroon",1
"Krueger",1
"Kruid",1
"Kruse",2
"Krutzfeldt",2
"Krywaruchka",1
"Kubit",1
"Kudrna",1
"Kuehn",1
"Kukowski",1
"Kunda",1
"Kundert",1
"Kundey",2
"Kuntz",2
"Kurzynski",1
"Kutsch",3
"Kyhl",2
"Kypfer",1
"LaBosco",1
"LaBrie",1
"LaFond",1
"LaFrance",1
"LaFrentz",1
"LaPerna",1
"LaPierre",2
"LaRango",1
"LaRoque",1
"Laclair",7
"Ladd",1
"Ladewig",1
"Laferriere",3
"Lafond",2
"Lafond Smith",1
"Lagerquist",1
"Lalani",1
"Lamar",1
"Lamborn",1
"Lame",1
"Lammiman",1
"Lamontagne",1
"Lamoreaux",1
"Lamphear",2
"Lampman",1
"Lancaster",2
"Lance",1
"Land",1
"Landa",1
"Landers",1
"Lane",1
"Langford",1
"Langkau",1
"Lankutis Ranch",3
"Lanser",3
"Lanz",1
"Laramore",1
"Larkin",1
"Larsen",5
"Larson",20
"Lasher",1
"Laszloffy",1
"Laubach",1
"Lauchnor",1
"Laufer",1
"Laverdure",1
"Lawson",1
"Lay",1
"Layton",1
"Le Duc",1
"LeFever",1
"LeVea",1
"League",2
"Lee",10
"Leeper",2
"Leete",1
"Leffengarver",1
"Leffingwell",2
"Leffler",1
"Leggott",1
"Lehenbauer",2
"Lehner",2
"Leighliter",1
"Leininger",4
"Leintz",1
"Leitheiser",1
"Lemert",2
"Lenhardt",1
"Lenney",1
"Leonard",4
"Lepinsky",1
"Ler",1
"Leritz",3
"Lerum",1
"Lesmeister",1
"Lesnik",1
"Lesser",1
"Letendre",1
"Levesquez",1
"Levin",1
"Levitan",1
"Lewis",9
"Ley",3
"Libby",1
"Liberty Place Inc",1
"Lien",8
"Lieneman",1
"Lile",1
"Liles",1
"Lincoln",1
"Lind",2
"Lindberg",1
"Lindell",1
"Lindgren",1
"Lindley",1
"Lindquist",2
"Lindsay",1
"Lindseth",1
"Lindsey",1
"Lineback",1
"Linhart",1
"Lininger",1
"Linn",5
"Lionshows",1
"Lippert",1
"Little Beaver CD",7
"Living Sky Grains",1
"Lizotte",1
"Lloyd",2
"Loch",1
"Lodermeier",2
"Loeffler",1
"Loendorf",1
"Lograsso",1
"Lohr",1
"Lohrenz",3
"Lohse",1
"Lojek",2
"Loloff",1
"Long",5
"Longdon",1
"Longobardi",1
"Loproto",1
"Lordemann",2
"Lorenz",1
"Loring",2
"Losing",1
"Lott",5
"Lowry",1
"Lozing",1
"Lubansky",1
"Lucas",4
"Luce",4
"Lucich",1
"Luckey",1
"Lueneburg",1
"Luhman",1
"Luhr",1
"Lund",2
"Lunder",1
"Lundin",1
"Lundstrom",1
"Lura",2
"Lutey",1
"Luther",1
"Lutke",1
"Lyman",1
"Lynn",3
"Lyon",2
"Lyons",3
"Lyytinen",1
"MT Mexican John Ranch LLC",1
"Mac Fawn",1
"MacFawn",1
"MacIntyre",3
"MacKay",1
"MacMurdie",1
"Macgregor",1
"Madden",1
"Mader",2
"Madison Valley Ranch",1
"Madison Valley Ranch LLC",3
"Madison Valley Ranch, LLC",2
"Magalsky",2
"Magone",1
"Maguire",1
"Mahoney",2
"Maier",1
"Majerus",4
"Major",2
"Makin",1
"Malinauskas",1
"Maloney",1
"Malsam",1
"Manidok",1
"Manley",1
"Mann",1
"Manning",1
"Manship",1
"Manzo",1
"Marassi",4
"Marceau",1
"Marcel",1
"Marchak",1
"Marcy",2
"Marino",1
"Mark",1
"Markham",1
"Marking",2
"Marks",3
"Marquardt",1
"Marquis",1
"Marshall",1
"Martin",10
"Martinez",1
"Martinson",2
"Martinz",1
"Marts",2
"Martsul",1
"Maseman",1
"Maslanka",1
"Massey",1
"Mast",1
"Masters",2
"Math",4
"Mathis",1
"Mats",1
"Matsuda",1
"Matt",1
"Mattingly",1
"Mauger",1
"Maughan",1
"Mavrolas",1
"Maw",1
"Mawyer",1
"Maxwell",1
"May",1
"Mayernik",1
"Mayo",1
"Mazade",3
"McAbee",1
"McAlpine",2
"McBride",3
"McCabe",3
"McCall",1
"McCally",1
"McCamley",1
"McCammon",1
"McCarly",1
"McCarthy",1
"McCartney",1
"McCarty",5
"McCauley",4
"McCaw",2
"McCleary",3
"McCloy",1
"McClure",1
"McClusky",1
"McComas",1
"McCord",1
"McCormick",3
"McCray",2
"McDermott",1
"McDonald",4
"McDowell",2
"McEachern",1
"McElfish",2
"McFadden",1
"McFarland",1
"McGee",1
"McGill",1
"McGillicuddy",1
"McGlennen",1
"McGrail",1
"McGrath",1
"McGregor",2
"McGuiness",1
"McGuire",1
"McInerney",1
"McIntosh",1
"McJunkin",1
"McKamey",1
"McKay",2
"McKelvey",1
"McKenzie",1
"McKinney",2
"McLaughlin",2
"McLean",1
"McMaster",1
"McMillen",1
"McMullen",3
"McNaney",6
"McNeese",1
"McPherson",7
"McRae",3
"McTaggert",1
"McVay",1
"McWethy",1
"Mcalpine",1
"Mcknight",1
"Mctittrick",1
"Meadors",1
"Meadows",1
"Meamber",2
"Meccage",2
"Mecklenburg",1
"Medearis",1
"Medicine Horse",1
"Mehling",6
"Mehus",1
"Meidinger",2
"Meier",1
"Meiers",1
"Meinhold",1
"Meisdalen",1
"Meiwald",1
"Melaney",2
"Meling",1
"Melius",1
"Mellows",3
"Melrose",2
"Melton",2
"Melville",1
"Melvin",1
"Mencas",1
"Menger",1
"Mentzer",2
"Mercer",1
"Merfeld",1
"Merrill",1
"Merriman",1
"Merry",1
"Merwin",1
"Messenger",2
"Metier",1
"Metzger",3
"Meyer",2
"Micek",2
"Michael",1
"Michaels",2
"Middlestead",1
"Middleton",1
"Mike",1
"Milan",1
"Milburn",1
"Miles",2
"Milks",4
"Millar",3
"Miller",20
"Milliran",1
"Mills",4
"Milne-Motl",2
"Milos",1
"Milton",2
"Minich",1
"Mininger",1
"Minkoff",3
"Miquelle",1
"Mitchell",17
"Mitchem",1
"Mix",1
"Moberg",1
"Mobley",3
"Moczan",1
"Model",4
"Moe",1
"Moehsmer",1
"Moenich",1
"Mohar",1
"Molin",1
"Monaco",1
"Monson",3
"Montagne",3
"Montano",1
"Moon",1
"Moore",7
"Moorhouse",2
"Morasko",1
"Morast",2
"Morgan",4
"Morgen",2
"Morren",1
"Morrill",1
"Morris",3
"Morrison",3
"Morrow",1
"Morse",2
"Morton",2
"Mosbrucker",1
"Moseman",3
"Moser",1
"Mothershead",2
"Moullet",1
"Mueller",1
"Muellers",1
"Muessig",1
"Mulcare",1
"Muldoon",1
"Mullee",1
"Mullen",1
"Mullet",1
"Munoukian",1
"Munsey",1
"Murdock",1
"Murga",3
"Murnion DeBuff",1
"Murphy",3
"Murray",3
"Murrill",1
"Murry",1
"Murschel",1
"Muses",1
"Musick",1
"Musser",4
"Mussetter",1
"Myers",2
"Myhre",2
"Myott",1
"Nadeau",1
"Naffziger",2
"Nagell",1
"Nagendran",1
"Nance",2
"Napier",3
"Nardinger",1
"Nash",3
"Navas",2
"Naylor",1
"Neal",3
"Nealy Click",1
"Nedens",1
"Needles",2
"Neff",1
"Neibauer",1
"Neil",7
"Neill",1
"Nell",1
"Nelson",16
"Nemec",1
"Nemeth",1
"Nemitz",1
"Nentwig",1
"Neprud",1
"Ness",1
"Nettik",2
"Netz",1
"Neu",1
"Neufeld",9
"Neuhoff",1
"Neuleib",1
"Neuman",1
"Neumann",1
"Newbrough",1
"Newcomer",1
"Newhall",1
"Newman",3
"Newstrom",1
"Nichols",6
"Nicholson",1
"Nick",1
"Nickolay",1
"Niehuis",1
"Nielsen",2
"Nielson",2
"Niesen",1
"Nimick",1
"Nisly",3
"Nistler",1
"Nobel",1
"Noel",1
"Noland",3
"Nollmeyer",1
"Noonan",1
"Norby",1
"Nordahl",4
"Nordby",1
"Norman",1
"Normandin",2
"Northern Cheyenne DEPNR",10
"Northup",1
"Noyes",1
"Nugent",2
"Nummerdor",2
"Nunn",1
"Nussbaum",2
"Nygaard",1
"Nyhus",1
"O Brien",2
"O Connor",1
"O Donnell",1
"O'Brien",1
"O'Connor",8
"O'Connor Crops & Cattle",1
"O'Neill",4
"OBrien",9
"OCC Legacy Cuts",1
"OConner",2
"OConnor",12
"ODonnell",3
"OHare",1
"ONeil",1
"ONeill",6
"OSullivan",1
"Oblander",6
"Oblender",1
"Ochs",3
"Odden",1
"Oden",1
"Oftedal",1
"Ohara",1
"Ohman",1
"Ohotto",1
"Oja",3
"Oldenstadt",2
"Olinger",5
"Olmstead",1
"Olofson",1
"Olsen",5
"Olson",12
"Ondov",1
"Oneill",2
"Opar",2
"Open 8 Ranch",1
"Ophus",1
"Opperman",13
"Ore",7
"Orestad",1
"Ormista",1
"Ornquist",1
"Orpin",2
"Orr",1
"Osnaya",2
"Ostby",1
"Ostrom",1
"Ostrovsky",2
"Otis",2
"Ott",3
"Otte",1
"Otten",1
"Ottenstein",2
"Ottinger",1
"Ouellette",1
"Ovnicek",1
"Owen",1
"Owens",1
"Owsley",1
"Oxendahl",2
"O´Neill",1
"Paddock",2
"Page",2
"Pagnotta",2
"Pagrotta",1
"Paine",1
"Painter",1
"Palacio",1
"Palm",7
"Palmer",3
"Palmer and Koss",1
"Palmquist",2
"Palo",1
"Pane",1
"Pankratz",1
"Papalis",1
"Parade Rest Guest Ranch",1
"Pare",1
"Park",1
"Park City Water and Sewer District",1
"Parker",1
"Parks",5
"Parnell",1
"Parocai",1
"Parsons",1
"Pas-Holcomb",1
"Pasalich",1
"Paske",3
"Patnode",1
"Patrick",2
"Patritti",1
"Patten",1
"Patterson",1
"Paul",1
"Paulson",14
"Paulston",2
"Pauly",1
"Payer",1
"Payette",1
"Payne",2
"Pearson",2
"Pease",1
"Peck",1
"Pederson",5
"Pedrazzi",2
"Peeples",1
"Peevey",1
"Pehl",2
"Peigneux",2
"Peila",4
"Pelan",1
"Pelatt",3
"Pellicori",1
"Pennington",2
"Percifieln",1
"Perkins",2
"Pernichele",1
"Perrone",1
"Perry",4
"Person",1
"Peters",5
"Petersen",1
"Peterson",20
"Petrosky",1
"Pettitt",1
"Pewonka",1
"Pfaehler",2
"Pfeifer",1
"Pfeifle",1
"Pfister",4
"Phillippe",1
"Phillips",5
"Phipps",2
"Pickham",1
"Pierce",1
"Pierson",1
"Pignanelli",1
"Pilster",1
"Pinkerton",5
"Pintler",1
"Pirtz",2
"Pitcher",2
"Pitman",1
"Pitts",1
"Plainfeather",1
"Plaut",1
"Pleas",1
"Pleban",1
"Ploehn",1
"Ploskunak",1
"Poepping",1
"Pogge",1
"Pokorny",2
"Pollard",1
"Pollman",1
"Pomeroy",1
"Pomygalski",1
"Pool",1
"Poole",1
"Popalis",4
"Popelka",2
"Popis",1
"Popoli",1
"Porter",2
"Porterfield",1
"Portman",1
"Posey",1
"Poston",1
"Potter",2
"Potts",1
"Povsha",3
"Powder River Farm in the Dell",1
"Powell",2
"Prather",1
"Pratt",1
"Price",7
"Pridmore",1
"Prince",1
"Prince Inc",1
"Proctor",2
"Protz",1
"Pruitt",1
"Pryor",2
"Pugh",1
"Pugrud",1
"Pulis",1
"Purvis",1
"Pust",1
"Putchat",1
"Quade",4
"Quanbeck",1
"Quenemoen",1
"Quigley",1
"Quinlan",2
"Radke",1
"Rahn",1
"Rahr",1
"Raines",1
"Rakes",2
"Ralls",1
"Ralph",1
"Ralston",1
"Rambo",1
"Ramer",1
"Ramsay",1
"Ramsfield",1
"Ranch",2
"Rand",3
"Randall",3
"Randolph",1
"Ranieri",2
"Ransdell",1
"Ranstrom",1
"Rappold",1
"Rasmussen",2
"Rasor",1
"Ratcheson",1
"Ratcliff",1
"Raths",1
"Ratti",2
"Ratzburg",2
"Rausch",1
"Raw",1
"Rawlings",1
"Rawson",2
"Ray",4
"Raymond",1
"Rea",1
"Read",1
"Reams",1
"Rebich",1
"Reddig",1
"Redding",1
"Redekopp",2
"Redmond",4
"Redstone",1
"Reed",4
"Reese",1
"Reeves",2
"Regele",2
"Regennitter",1
"Regensberg",1
"Regli",2
"Rehms",1
"Reichenberg",1
"Reid",2
"Reierson",1
"Reilly",3
"Reimer",1
"Reinhart",1
"Reinhold",4
"Reinmiller",1
"Reinschmidt",1
"Reisig",5
"Reistad",3
"Reiter",2
"Reller",1
"Rendleman",1
"Renner",4
"Resel",1
"Reukauf",1
"Reuter",2
"Reyer",1
"Reynolds",5
"Rhodes",2
"Rice",3
"Rich",3
"Richards",2
"Richardson",4
"Richmond",1
"Richter",4
"Riddock",1
"Ridgeway",2
"Riedesel",1
"Riedlinger",1
"Riehl",1
"Rigg",1
"Riley",7
"Ritchie",1
"Ritland",2
"Ritter",1
"Ritz",1
"Rixford",1
"Rizzo",1
"Roadarmel",5
"Robak",3
"Robbins",4
"Roberts",11
"Robertson",2
"Robinson",5
"Robison",2
"Robnett",1
"Robson",1
"Rock",1
"Rodda",1
"Rodgers",3
"Rodniguez",1
"Rodriguez",1
"Rodriquez",1
"Roeder",2
"Roediger",1
"Roehm",1
"Roehm Ranch",1
"Roehr",1
"Roes",1
"Rogers",6
"Rogge",1
"Rohl",1
"Rokita",1
"Roller",1
"Rollins",1
"Roma",1
"Romandia",1
"Romfo",1
"Rooke",1
"Roos",1
"Ropp",1
"Rorvik",1
"Rosa",1
"Rosaaen",2
"Rose",11
"Rosecrans",1
"Rosekelly",1
"Roset",1
"Rosmen",1
"Ross",7
"Rost",2
"Roth",2
"Roubik",1
"Roudebush",1
"Roush",1
"Rowell",1
"Roy",1
"Roys",2
"Rubin",1
"Ruble",1
"Ruff",2
"Ruffatto",1
"Rugemer",1
"Ruggiero",1
"Rumph",1
"Runkel",2
"Ruprecht",1
"Rush",1
"Rusley",2
"Russell",4
"Rust",2
"Rutherford",1
"Ryan",2
"Ryder",1
"Ryker",1
"S Ranch LLC",1
"Sabin",1
"Sabo",1
"Sackett",1
"Sackman",6
"Saco Dehy Inc",1
"Sadler",1
"Salazar",1
"Salois",1
"Salsbury",1
"Salveson",1
"Salys",2
"Samardich",1
"Sammons",2
"Sampley",1
"Samsal",1
"Samspel",1
"Samuelson",1
"Samuelson Ranch Ptnr LLC",1
"Sanchez",1
"Sande",2
"Sanders",7
"Sandoval",1
"Sands",2
"Sandvold",1
"Sanford",1
"Saraco",1
"Sarchet",2
"Sargent",2
"Sattoriva",1
"Sauerwein",1
"Saunders",1
"Scanlon",1
"Schad",1
"Schaefer",2
"Schagunn",1
"Schahczenski",1
"Schaible",2
"Schallengberger",1
"Schaub",1
"Scheetz",1
"Scheidler",1
"Schell",1
"Schenk",1
"Scheuer",2
"Schilz",2
"Schindler",1
"Schipman",1
"Schippers",1
"Schlegel",2
"Schlick",1
"Schlosser",1
"Schlueter",2
"Schmauch",1
"Schmelzer",3
"Schmidt",5
"Schmiedbauer",1
"Schmitt",5
"Schmitz",1
"Schneider",4
"Schnetzer",4
"Schoenbeck",1
"Schoenborn",1
"Schoener",1
"Schott",2
"Schrader",1
"Schreibeis",1
"Schrock",3
"Schroeder",2
"Schubert",1
"Schuck",1
"Schucker",1
"Schuerg",1
"Schuessler",2
"Schultz",3
"Schulz",1
"Schumacher",2
"Schupp",2
"Schwab",2
"Schwalm",1
"Schwammlein",1
"Schwartz",8
"Schwend",3
"Schwieterman",2
"Scofield",1
"Scoles",2
"Scott",13
"Searight",1
"Sears",2
"Seavey",1
"Seder",1
"Segeberg",1
"Seibert",2
"Seipel",1
"Seitz",1
"Selander",1
"Self",2
"Sell",1
"Semmler",1
"Sena",2
"Seneczko",1
"Sept",1
"Serenity",1
"Seright",1
"Seth",1
"Severson",1
"Sewell",1
"Seydel",1
"Seymour",1
"Sharbono",1
"Sharp",3
"Sharpe",3
"Shaver",2
"Shaw",1
"Shea",2
"Sheehan",4
"Sheffield",2
"Shellard",1
"Shelton",5
"Shephard",1
"Shepherd",4
"Sheray",2
"Sherer",1
"Sheriff Water Ass",1
"Sherman",8
"Sherseth",1
"Sherwood",2
"Shettel",1
"Shipp",4
"Shipstead",1
"Shirley",4
"Shives",1
"Shoenwald",1
"Shoger",2
"Shorten",1
"Shortridge",1
"Shouse",1
"Shramek",1
"Shrauger",4
"Shreading",1
"Shreffler",2
"Shroeder",1
"Shumway",1
"Shupp",1
"Sides",1
"Sidwell",2
"Sielinsky",1
"Siemens",1
"Siewart",2
"Siewert",2
"Sifford",2
"Signorelli",1
"Sillars",2
"Sillery",1
"Silva",3
"Silverson",2
"Silvis",1
"Simanton",4
"Simard",1
"Simic",1
"Simonich",1
"Simons",1
"Simonson",1
"Simpson",5
"Sims",1
"Sinclair",1
"Singer",1
"Sinnema",1
"Sioux",1
"Sirr",1
"Sites",4
"Sitzman",2
"Six",1
"Skecton",2
"Skewis",1
"Skuhra",1
"Sky Hook Ranch",1
"Slade",2
"Slayton",1
"Sloan",2
"Smalis",1
"Smart",1
"Smith",33
"Smoltz",1
"Smyre",1
"Snavely",1
"Sneed",1
"Snellman",1
"Snider",4
"Snitko",1
"Snively",2
"Snodgrass",2
"Snowcrest Ranch",6
"Snure",1
"Snyder",10
"Soares",3
"Soderman",1
"Soehren",1
"Sologub",1
"Solomon",2
"Somerfield",2
"Sommerfeld",1
"Sommerville",2
"Sonderer",3
"Sonsteng",3
"Sorenson",1
"Soto",1
"Soumas",1
"Sours",1
"Southworth",3
"Souza",1
"Sovulewski",1
"Sowerwine",1
"Sowka",1
"Spain",1
"Spain Bridge Meadows W and S District",4
"Sparks",11
"Spaulding",1
"Spears",2
"Specking",1
"Speegle",2
"Speelman",1
"Speiser",2
"Spence",1
"Spencer",4
"Sperry",4
"Spickard",2
"Spika",1
"Spinder",2
"Spinelli",1
"Spinks",2
"Spinner",1
"Spogis",1
"Spragg",2
"Springer",1
"Squaw Creek Ranch",1
"Squires",1
"Sramek",1
"St Don",1
"Stabolepszy",1
"Stafford",1
"Staggs",1
"Stahl",2
"Standley",1
"Stanek",1
"Stanfel",1
"Stanley",7
"Stark",3
"Stavely",1
"Stead",1
"Steele",1
"Steen",2
"Stefek",1
"Stefely",1
"Steffen",1
"Steiger",1
"Stein",2
"Steinbeck",1
"Steinebach",2
"Steingruber",1
"Stekar",1
"Stene",2
"Stenson",3
"Stentoft",1
"Stenzel",1
"Stephens",1
"Stephenson",2
"Sterns",1
"Stevens",4
"Stevenson",1
"Stewart",6
"Stickel",3
"Stickney",1
"Stieber",1
"Stief",1
"Stiegelmeier",1
"Stiers",1
"Stillman",1
"Stimpson",1
"Stine",1
"Stinson",1
"Stipanovich",1
"Stites",1
"Stockdale",3
"Stocker",2
"Stockholm",1
"Stoican",1
"Stokke",2
"Stoltenberg",1
"Stoltz",2
"Stoltzfus",1
"Stone",3
"Stonecipher",1
"Stonehocker",1
"Stoner",3
"Stookesberry",1
"Stoops",2
"Stoppel",1
"Stordahl",1
"Stortz",1
"Story",1
"Stott",1
"Stoudt",1
"Stout",6
"Stovall",2
"Stradley",1
"Strandberg",1
"Strauch",1
"Streeter",1
"Streufert",1
"Strever Jr",1
"Strkyer",1
"Strobbe",1
"Strobel",5
"Stroh",1
"Strong",1
"Stryker",2
"Stuard",1
"Stuart",2
"Stuckers",1
"Stuker",1
"Stumberg",1
"Stumbo",1
"Stutts",1
"Stutzman",1
"Styren",1
"Subry",1
"Suko",1
"Sullivan",3
"Summerfeld",1
"Summitt",1
"Sunford",1
"Sunlight Ranch Co.",1
"Sunshine",1
"Surdahl",1
"Sutherland",1
"Sutton",1
"Svensrud",1
"Swainson",1
"Swan",1
"Swann",1
"Swanson",7
"Swartz",2
"Swartzentruber",1
"Swearingen",1
"Sweeney",1
"Swenson",1
"Swingle",2
"Swinney",1
"Swisse",1
"Switzer",3
"Sykes",1
"Synness",1
"Syolseth",1
"Szymczak",4
"Szymezak",1
"Tabor",1
"Taft",1
"Talcott",1
"Tallon",2
"Talon",1
"Tamminga",1
"Tams",1
"Tande",1
"Tandy",1
"Taner",1
"Tanner",1
"Tapper",1
"Tauck",2
"Tawater",1
"Taylor",5
"Taylor-Davenport",1
"Tecca",1
"Teeters",1
"Teich",1
"Teini",1
"Telford",6
"Tenpas",1
"Territorial Landworks",2
"Teske",2
"Tesky",1
"Tetrault",1
"Tetter",1
"Theiler",1
"Thein",1
"Thelen",1
"Therriault",1
"Thielen",3
"Thieme",1
"Thiessen",1
"Thomas",7
"Thompson",25
"Thornburgh",1
"Thorton",1
"Three Bar Ranch",1
"Thresher",1
"Thunbery",1
"Thurston",1
"Tibbetts",9
"Tidd",1
"Tidwell",2
"Tiedje",1
"Tieman",1
"Tieszen",1
"Tigner",1
"Tihista",1
"Tilstra",1
"Tilt",1
"Timeless Seeds Inc",6
"Timmerman",2
"Timmons",4
"Tipton",1
"Tkach",1
"Tobel",1
"Todd",6
"Toews",1
"Tognetti",1
"Tolson",1
"Tomassi",1
"Tomsheck",5
"Toogood",1
"Tooke",1
"Toomey",1
"Torgerson",3
"Torrence",2
"Torske",2
"Towler",1
"Traeholt",2
"Tramp",1
"Trangmoe",1
"Travis",1
"Trees",1
"Tresch",1
"Tripp",1
"Tronsen",1
"Trotter",1
"Trumper",1
"Trunk",4
"Truscott",1
"Trusler",1
"Tuchscherer",1
"Tuchschmidt",3
"Tucker",6
"Tuma",3
"Tunny",1
"Turk",8
"Turley",1
"Turnage",1
"Turnbough",1
"Turner",10
"Turnsback",1
"Tussing",1
"Tuszynki",1
"Tuszynski",1
"Tutt",1
"Tweet",1
"Twiford",1
"US Post Service",1
"Ucherek",1
"Uffelman",2
"Ulberg",1
"Ulishney",1
"Ullman",1
"Unruh",3
"Urban",1
"Urick",3
"Vaccaro",2
"Vail",1
"Vaira",3
"Valdez",1
"Van Atta",1
"Van Blarigan",1
"Van Den Driessche",1
"Van Diest",1
"Van Meter",1
"Van Order",1
"Van Tine",1
"Van de Baan",1
"VanDaveer",1
"VanDyk",1
"VanDyke",2
"VanPelt",1
"Vanatta",1
"Vance",1
"Vande Kop",1
"Vandekop",1
"VandenBos",1
"Vandermolen",1
"Vandersloot",1
"Vanek",2
"Vanluchene",1
"Vanthuyne",1
"Varner",1
"Vasina-LHirondelle",1
"Vaughan",1
"Vega",1
"Veldboom",2
"Velli",1
"Vender",1
"Ventling",1
"Ventura",1
"Ventures West Inc",1
"Vermandel Ranch",1
"Vermillion",2
"Vermulm",1
"Vescovi",1
"Viall",2
"Vickerson",1
"Vickery",1
"Victoria Petty",1
"Victoriano",1
"Viers",1
"Viertel-Samuel Ranch",1
"Vilhauer",2
"Vincent",1
"Visser",1
"Vitt",1
"Vivirito",1
"Vlahos",2
"Vlases",1
"Voelkel",2
"Vogel",1
"Vogele",1
"Vogl",1
"Voldseth",2
"Volk",1
"Vollum",1
"Volz",1
"Vomund",1
"Vorhes",2
"Voss",1
"Voytoski",1
"Wade",3
"Wadman",1
"Wagenhals",1
"Wagner",8
"Wagoner",1
"Wahlert",2
"Walden",1
"Waldner",1
"Waldo",1
"Wales",1
"Walhof",1
"Walker",5
"Wall",1
"Wallace",3
"Wallen",1
"Wallette",1
"Wallingford",4
"Walser",1
"Walsh",3
"Walstad",3
"Walter",6
"Walters",1
"Walthall",2
"Walton",1
"Wambeke",2
"Wandel",1
"Wang",1
"Wanken",1
"Waples",3
"Ward",6
"Warner",1
"Warren",3
"Wassberg",1
"Waters",1
"Waterworth",1
"Watson",5
"Watts",3
"We Rent Billings",1
"Weathered",1
"Weaver",2
"Weber",4
"Weber / Post Master",1
"Weder",1
"Wegmann",1
"Wegner",1
"Weigum",3
"Weilbrenner",2
"Weinheimer",1
"Weinreis",1
"Weintraub",1
"Weiss",1
"Weisser",1
"Weitzel",1
"Welborn",1
"Weller",1
"Wells",3
"Welna",1
"Wendlandt",1
"Wenger",4
"Wenum",1
"Wenz",3
"Wertman",1
"West",2
"Westervelt",1
"Weyrauch",1
"Wheeler",4
"Whelan",1
"Whisenand",1
"Whisonant",1
"Whitcher",1
"White",6
"White Sloan",1
"Whitehair",1
"Whitehurst",1
"Whiteside",1
"Whitford",1
"Whitlow",1
"Whitmont",1
"Whitney",2
"Whittingham",1
"Wichman",1
"Wicks",1
"Widhalm",1
"Wiedmer",3
"Wiedrick",4
"Wilbur",1
"Wiley",1
"Wilhelm",2
"Wilkerson",1
"Wilkins",1
"William",1
"Williams",20
"Williams-White",1
"Willson",5
"Wilson",17
"Winchell",1
"Windsor",2
"Winegart",2
"Wing",1
"Winge-Petersen",2
"Winkler",1
"Winkley",1
"Winningham",1
"Winship",1
"Winston",1
"Winterburn",2
"Wipf",5
"Wipplinger",1
"Wisdom",2
"Wiser",1
"Wittman",1
"Wittmer",2
"Wock",1
"Wodrich",1
"Woerner",3
"Wojton",1
"Wold",1
"Wolenetz",2
"Wolf",2
"Wolfe",6
"Wolff",1
"Wollitz",1
"Wolter",1
"Wood",6
"Woodgerd",1
"Woodring",1
"Wooley",1
"Woolfenden",1
"Worden",1
"Worman",2
"Wortham",2
"Worthen",1
"Wortman",1
"Wright",7
"Wver I",1
"Wyche",2
"Wylder",3
"Wyman",1
"Wynthein",2
"Wyrick",3
"Yanak",1
"Yandon",1
"Yano",2
"Yanzick",1
"Yates",4
"Yegen",2
"Yenny",2
"Yeomans",1
"Yerger",2
"Yesda",1
"Yeska",2
"Yocom",1
"Yost",1
"Young",9
"Youngblood",3
"Younger",1
"Yuliya",1
"Zahn",1
"Zelka",1
"Zemlock",1
"Zenith",1
"Zetterberg",1
"Zieglowsky",2
"Zier",1
"Zimmer",1
"Zimmerman",1
"Zinda",1
"Zindell",1
"Zuelke",1
"Zullo",1
"Zurliene",1
