"NameFirst","n"
"",127
"A&J",2
"Aaron",11
"Abbie",2
"Abe",1
"Abigail",1
"Adam",7
"Adele",3
"Aimee",1
"Al",3
"Alan",19
"Alan R",1
"Alan and Pat",1
"Alana",1
"Albert",2
"Aldo",1
"Alex",1
"Alexander",1
"Alexander/ Kimberly",1
"Alexandrea",1
"Alexandria",1
"Alexis",1
"Alfred",3
"Alice",3
"Alicia",1
"Alieda",1
"Alison",4
"Allan",12
"Allen",12
"Allie",1
"Allison",4
"Ally",2
"Alvin",1
"Alysia",1
"Alyson",2
"Alyssa",2
"Amanda",8
"Amber",15
"Amie",2
"Amo",1
"Amy",12
"Ana",2
"Andrea",11
"Andrew",23
"Andy",6
"Angela",5
"Angi",1
"Angie",2
"Anita",2
"Anjie",1
"Ann",10
"Anna",6
"AnnaLee",1
"Anndrea",1
"Anne",11
"Anneliese",1
"Annette",5
"Annie",5
"Anthony",8
"April",1
"Archie",3
"Ariana",1
"Arien",1
"Arlen",1
"Arlene",5
"Arnold",2
"Art",2
"Arthur",4
"Ashlee",1
"Ashley",1
"Ashlyn",1
"Atton",1
"Atwood",1
"Audrey",5
"August",1
"Austin",4
"Axl",1
"B.G.",1
"Baan",1
"Babara",1
"Baldwin",1
"Barb",4
"Barbara",14
"Barney",1
"Barry",8
"Bart",2
"Bart and Heather",1
"Beau",2
"Becky",5
"Ben",11
"Benjamin",8
"Bennie",1
"Bernard",1
"Bernhardt",2
"Beth",8
"Betty",11
"Betty Lou",1
"BettyLou",1
"Beverly",5
"Bill",27
"Billie",5
"Billie Jo",1
"Billy",1
"Bing",1
"Bjorn",1
"Blain",1
"Blaise",2
"Bob",19
"Bobbi",1
"Bobbie",1
"Bobby",3
"Bonita",4
"Bonnie",6
"Boyd",1
"Boyde",1
"Brad",10
"Bradford",1
"Bradley",5
"Brady",6
"Brandee",2
"Brandi",1
"Brandie",2
"Brandon",14
"Brandon and Tamara",1
"Brandy",1
"Branson",1
"Brant",1
"Braxton",2
"Breanna",1
"Breanne",1
"Brenda",5
"Brendan",2
"Brendon",1
"Brennen",1
"Brent",15
"Bret",3
"Bret or DeAnn",1
"Brett",11
"Brian",25
"Brianna",1
"Bridget",1
"Brittany",2
"Brittney",1
"Brock",1
"Brody",1
"Bruce",18
"Bryan",6
"Bryan/Betty",1
"Bryant",1
"Brynda",1
"Bryon",1
"Burleigh",1
"Burt",1
"Byron",2
"C.J.",1
"CJ",2
"Caitlin",2
"Cal",2
"Caleb",5
"Calista",1
"Callie",2
"Calvin",4
"Cam",3
"Cameron",1
"Camey",1
"Cami",1
"Candace",4
"Caralee",1
"Caren",2
"Cari",1
"Carina",1
"Carl",8
"Carla",2
"Carleen",1
"Carlene",1
"Carli",1
"Carlo",1
"Carlyle",1
"Carmen",7
"Carol",12
"Caroline",2
"Carolyn",6
"Carrie",4
"Carrolee",1
"Carson",1
"Casey",10
"Cassandra",2
"Catherine",1
"Cathy",3
"Caton",1
"Cedar",2
"Celeste",1
"Chad",21
"Chalah",2
"Champ",1
"Chana",1
"Chance",2
"Charlene",1
"Charles",35
"Charless",1
"Charlie",4
"Charline",1
"Charlotta",1
"Charlotte",2
"Charmaine K",1
"Chase",4
"Chasi",1
"Chaucer",1
"Chaz",1
"Chele",1
"Cher",1
"Cherie",2
"Cherie Lee",1
"Cherryl",1
"Cheryl",8
"Chett",2
"Chip",1
"Chris",23
"Chrissy",1
"Christa",2
"Christen",1
"Christian",1
"Christina",3
"Christine",7
"Christopher",13
"Christy",2
"Chuck",3
"Cindi",6
"Cindra",2
"Cindy",5
"Clair",1
"Clarence",1
"Clark",2
"Claudia",1
"Clay",5
"Clayton",4
"Cliff",3
"Clifford",1
"Clint",8
"Clinton",9
"Clyde",1
"Cody",13
"Colby",1
"Cole",2
"Coleman",1
"Colette",1
"Colin",1
"Colleen",5
"Collette",6
"Colony",1
"Colter",2
"Colton",2
"Conner",1
"Connie",7
"Corey",1
"Cori",1
"Corinthia",1
"Cortney",2
"Cory",5
"Cotton",1
"Courtney",1
"Craig",10
"Cristi",2
"Crystal",5
"Curt",6
"Curtis",6
"Cynthia",3
"D",1
"D'Anne",1
"DJ",1
"Dagan",1
"Dale",14
"Dallas",2
"Damien",1
"Damon",1
"Dan",29
"Dana",6
"Dane",1
"Danelle",2
"Daniel",23
"Danielle",3
"Danny",2
"Daralee",1
"Darcie",1
"Darcy",2
"Daren",1
"Darlene",3
"Darold",5
"Darrell",4
"Darrell and Charlotte",1
"Darren",7
"Darryl",1
"Darvin",1
"Darwyn",1
"Daryl",4
"Dave",20
"David",86
"David & Constance",1
"David & Heidi",1
"David E",1
"David J",1
"Dawn",1
"Dean",7
"Debbie",4
"Debby",2
"Debora",1
"Deborah",6
"Debra",5
"Dee",1
"Deena",1
"Del",2
"Delbert",3
"Dell",1
"Della",1
"Deloris",1
"Delwin",1
"Dena",2
"Denis",1
"Denise",7
"Dennis",27
"Denver",2
"Denyse",1
"Derek",1
"Derrick",1
"Derryl",2
"Desiree",1
"Devon",2
"Diana",6
"Diane",8
"Dianne",2
"Dick",6
"Dick and Zola",1
"Dino",1
"Dirk",1
"Dolly",4
"Dolores",2
"Don",26
"Donald",25
"Donna",4
"Donnie",1
"Donny",1
"Doreen",2
"Doris",4
"Dormah",1
"Dorothy",4
"Dorris",1
"Doug",14
"Douglas",28
"Douglas N",1
"Drew",2
"Dria",1
"Duane",11
"Duncan",1
"Dustin",4
"Dusty",2
"Dwight",2
"Dylan",2
"EH",1
"Earl",1
"Earnest",1
"Ed",9
"Edd",1
"Edith",1
"Edward",14
"Edwin",1
"Eileen",3
"Einar",1
"Elaine",2
"Elbert",1
"Eldon",1
"Eli",1
"Elin",1
"Elisha",1
"Eliza",1
"Elizabeth",16
"Ellen",8
"Ellyn",1
"Elsie",1
"Emil",1
"Emily",8
"Emmet",1
"Eric",25
"Eric and Katie",1
"Erik",6
"Erika",1
"Erin",10
"Ernest",3
"Ernie",1
"Ervin",1
"Esther",1
"Eugene",11
"Eva",2
"Evan",5
"Evanne",1
"Evelyn",7
"Everett",1
"Ezekiel",1
"Farol",1
"Fawn",1
"Ferna",1
"Ferris",1
"Flora",2
"Florence",1
"Florian",1
"Floyd",4
"Forest",1
"Fox",1
"Fran",1
"Frances",2
"Francis",3
"Frank",11
"Franklin",1
"Fred",25
"Frederick",1
"Frieda",1
"Gabe",1
"Gabriel",2
"Gail",3
"Gareth",1
"Garrett",1
"Garry",2
"Garth",4
"Gary",59
"Gary and Linda",1
"Gary and Vivki",2
"Gavin",1
"Gay",2
"Gaye",1
"Gena",1
"Gene",3
"Geoff",1
"George",18
"Georgette",1
"Georgia",3
"Gerald",14
"Gideon",1
"Gilbert",4
"Gina",1
"Glen",5
"Glen & Kathy",1
"Glenda",1
"Glenn",6
"Gloria",3
"Gloria Jean",1
"Gordon",4
"Gorvan",1
"Grace",2
"Graham",1
"Grant",9
"Grayson",1
"Greg",12
"Gregg",1
"Gregory",11
"Greta",1
"Gretchen",1
"Gunther",1
"Gus",1
"Gustaaf",1
"Guy",9
"Gwyn",1
"Hailey",1
"Hal",1
"Hallie",1
"Hank",1
"Hannah",3
"Hans",2
"Harley",2
"Harold",8
"Harrie",1
"Harriet",1
"Harry",1
"Harvey",1
"Heather",14
"Heidi",4
"Helen",3
"Helleen",1
"Helori",1
"Henri",1
"Henry",4
"Herbert",2
"Hermina",1
"Hillary",2
"Hiroko",3
"Holly",2
"Houck",1
"Howard",6
"Hugh",2
"Hugh and Valli",1
"I",1
"Iain",1
"Ian",3
"Ilene",1
"Ingrid",1
"Ira",1
"Irene",2
"Iris",4
"Isaac",2
"Isaiah",1
"Ivar",1
"J.K.",2
"J.O.",1
"JJ",1
"Jack",28
"Jackie",6
"Jackson",2
"Jacob",6
"Jacquelin",1
"Jacqueline",2
"Jacquelynn",1
"Jaime",1
"Jake",4
"James",84
"Jami Jo",1
"Jamie",9
"Jan",1
"Jane",5
"Jane and Larry",1
"Janell",1
"Janelle",1
"Janet",5
"Janet T",1
"Janey",1
"Janice",5
"Janine",1
"Janna",2
"Jannette",1
"Jared Charisse",1
"Jaren",1
"Jarred",1
"Jarrett",1
"Jarrod",2
"Jasen",1
"Jason",16
"Javan",1
"Jay",10
"Jean",6
"Jeana",1
"Jeanette",1
"Jeanine",2
"Jeannette",1
"Jeannie",1
"Jeannine",2
"Jeff",34
"Jeff Dr",2
"Jeffrey",6
"Jen",3
"Jenelle",2
"Jenna",4
"Jennell",1
"Jennie",5
"Jennifer",29
"Jenny",4
"Jens",2
"Jensen",2
"Jere",3
"Jeremiah",3
"Jeremy",7
"Jerome",4
"Jerri",1
"Jerrid",2
"Jerry",18
"Jerry / Euagene",1
"Jess",4
"Jesse",4
"Jessica",14
"Jessie",1
"Jill",2
"Jim",39
"Jo Anne",1
"Jo Lynn",1
"JoAnn",1
"JoDee",2
"Joan",12
"Joana",1
"Joanie",2
"Joanna",1
"Jodee",1
"Jodi",2
"Jodie",1
"Jody",1
"Joe",20
"Joede",1
"Joel",9
"Joelene",1
"Joella",2
"Joetta",1
"Johanna",2
"Johannas",1
"John",92
"Johnny",2
"Joli",1
"Jolyn",1
"Jon",9
"Jonathan",3
"Jonell",1
"Jordan",5
"Joseph",18
"Josh",8
"Joshua",5
"Josiah",1
"Joy",2
"Joyce",4
"Judi",1
"Judith",3
"Judson",2
"Judy",10
"Julia",2
"Julie",18
"Justin",2
"Justine",4
"K.C.",1
"KD",1
"Kaimy",1
"Kaitlin",3
"Kale",4
"Kaleb",1
"Kalen",2
"Kalley",1
"Kalyn",5
"Kama",1
"Kameron",2
"Kamille",1
"Kandi",1
"Kara",5
"Karen",29
"Kari",2
"Karin",3
"Karl",5
"Karla",2
"Karleen",1
"Karnes",1
"Karren",1
"Karren and Lynn",1
"Karrol",1
"Kasey",1
"Kate",1
"Katharine",1
"Katherine",4
"Kathie",1
"Kathleen",10
"Kathryn",4
"Kathy",18
"Kati",1
"Katie",13
"Katrina",1
"Kay",2
"Kayla",2
"Kaylee",1
"Kaylene",2
"Keenan",1
"Keifer",1
"Keith",8
"Kelby",1
"Kelcy",1
"Keldah",1
"Kellee",2
"Kelley",3
"Kelli",2
"Kellie",1
"Kelly",15
"Kelsey",4
"Kelsie",1
"Kelvin",1
"Ken",14
"Kendal",1
"Kendall",2
"Kennedy",4
"Kenneth",19
"Kenneth and Dianne",1
"Kenny",5
"Kent",2
"Keri",1
"Kerista",1
"Kermit",2
"Kerry",4
"Keven",1
"Kevin",19
"Kevin & Jessica",1
"Kim",18
"Kimball",1
"Kimber",1
"Kimberly",5
"Kip",1
"Kira",4
"Kirk",5
"Kirsten",2
"Kirstie",1
"Kirtsie",1
"Klarissa",1
"Klein",2
"Kodi",1
"Kory",1
"Kris",7
"Krist",1
"Krista",2
"Kristen",2
"Kristi",3
"Kristin",7
"Kristy",1
"Krystal",1
"Kurt",3
"Kyla",1
"Kyle",6
"Kylee",1
"Kylie and Allen",1
"Kyra",1
"Kyrstan",1
"L.E.",1
"LaDana",1
"LaVonne",1
"Laef",1
"Lakota",1
"Lamar",1
"Lance",5
"Lanell",1
"Lannie",1
"Laris",1
"Larry",26
"Laura",5
"Laura and Jason",1
"Lauran",2
"Lauren",3
"Lauri",1
"Laurie",8
"Laurinda",1
"Lavina",1
"Lawrence",1
"LeAnn",3
"LeRoy",1
"Lea",1
"Leann",1
"Leanne",3
"Lee",17
"Leesa",1
"Lehman",1
"Leighton",2
"Leland",1
"Lelland",4
"Lem",1
"Lennie",1
"Leo",2
"Leonard",2
"Leroy",2
"Les",1
"Leslie",6
"Lester",2
"Leta",2
"Levi",7
"Lewie",2
"Lewis",2
"Lezah",3
"Liam and Delayne",1
"Libby",1
"Lin",1
"Linda",13
"Lindalee",1
"Lindley",1
"Lindsey",3
"Lindy",2
"Lisa",7
"Liz",8
"Llloyd",1
"Lloyd",1
"Logan",2
"Lois",3
"Lola",1
"Lonnie",2
"Lorelyn",2
"Loren",7
"Loretta",3
"Lori",21
"Lorie",1
"Lorna",2
"Lorne",1
"Lorraine",1
"Lorri",2
"Lorrie and Devan",1
"Louis",2
"Louise",2
"Lowell",4
"Lucretia",1
"Lucy",3
"Luke",6
"Lyle",2
"Lyn",1
"Lynda",2
"Lynda and Mike",1
"Lynn",8
"Lynnel",1
"Lynnette",1
"MJ",1
"Macey",1
"Madison",1
"Maggie",2
"Mandie",1
"Mandy",1
"Mannela",1
"Mansfield",1
"Manuel",1
"Manuela",3
"Marc",2
"Marci",1
"Marcia",1
"Marcie",2
"Marcus",4
"Margaret",9
"Marge",2
"Marian",1
"Mariana",1
"Marie",2
"Marilee",1
"Marilyn",4
"Marion",2
"Marjorie Ann",1
"Mark",73
"Marlene",1
"Marni",1
"Marriah",1
"Marsha Rae",1
"Marshall",3
"Mart",1
"Marta",1
"Martha",1
"Martin",8
"Martsul",1
"Marty",6
"Marvin",4
"Mary",12
"Mary Ann",3
"Mary Jane",1
"Mary Jo",1
"Mary Martha",3
"Mat",1
"Mathew",1
"Matt",22
"Matthew",15
"Max",3
"Maynard",3
"McKaelee",1
"Meagen",1
"Mechelle",1
"Megan",6
"Meggie",1
"Melanie",2
"Meleea",1
"Melinda",1
"Melissa",11
"Melodee",1
"Melody",4
"Melonly",1
"Melvin",6
"Melvin Earl",1
"Melynda",1
"Mercedes",1
"Meredith",1
"Meredith and Daniel",1
"Merle",1
"Merlyn",1
"Merry",2
"Mervin",1
"Mia",1
"Mia Amore",1
"Micah",2
"Michael",87
"Michael G",1
"Michael P",1
"Michael S",1
"Michele",2
"Michell",1
"Michelle",9
"Mickey",1
"Miho",1
"Mike",50
"Mildred",2
"Miles",2
"Mimi",1
"Mindy",2
"Miro",1
"Misty",1
"Mitchell",8
"Mitzi",1
"Molly",3
"Mona",1
"Monica",10
"Monique",1
"Montana",1
"Monte",7
"Montina",2
"Monty",3
"Morey",1
"Morgan",1
"Mr",1
"Muriel",1
"Myles W.",1
"Myrna",1
"Nadine",5
"Nancy",14
"Narissa",1
"Natalee",1
"Natalie",1
"Nate",3
"Nathan",10
"Neal",5
"Ned",2
"Neil",3
"Nels",1
"Nicholas",5
"Nick",21
"Nicole",8
"Noel",2
"Noell",1
"Noelle",2
"Nolan",2
"Noreen",3
"Norman",2
"Nubia",2
"Odin",1
"Oliver",1
"Oren",2
"Oscar",5
"Otis",1
"Owen",1
"Paige",1
"Pam",1
"Pamela",13
"Pat",9
"Patricia",10
"Patrick",13
"Patsy",1
"Patti",3
"Pattie",1
"Patty",3
"Paul",55
"Paul and Annie",1
"Paula",1
"Paulette",1
"Pauline",2
"Pedro",1
"Peggy",6
"Pennell",2
"Perri",1
"Perry",3
"Pete",2
"Pete and Lela",1
"Peter",10
"Phil",6
"Philip",5
"Phillip",3
"Pieter",2
"Pokey",1
"Powder River",1
"Powell",1
"Price",2
"Priscilla",1
"Prudence",1
"Puderbaugh",1
"Quinn",1
"Rachel",1
"Raelynn",1
"Ralph",11
"Ramona",2
"Ranae",2
"Rand",14
"Randal",2
"Randall",5
"Randolph",1
"Randy",16
"Raven",1
"Ray",6
"Raymond",4
"Raymond and Maureen",1
"Reba",1
"Rebecca",9
"Regina",1
"Reid",1
"Renee",1
"Ressa",2
"Rex",4
"Rhenda",10
"Rhonda",4
"Ric",2
"Ricardo",3
"Rich",3
"Richard",75
"Rick",14
"Ricki",3
"Riki",10
"Riley",2
"Rita",1
"Rob",6
"Robbie",1
"Robby",1
"Robert",87
"Robert & Debra",1
"Robert Dale",1
"Robert and Maureen",1
"Roberta",4
"Robin",12
"Roch",1
"Rocky",1
"Rod",5
"Rodger",1
"Rodney",10
"Roger",18
"Roland",1
"Ron",21
"Ronald",11
"Ronald Jay",1
"Ronda",4
"Ronnie",2
"Rosanne",1
"Rose",5
"RoseMarie",1
"Roselee",1
"Rosemary",1
"Rosie",1
"Roslyn",1
"Ross",11
"Roxa",1
"Roxann",1
"Roxanna",1
"Roxie",1
"Roy",8
"Roy A.",1
"Roy D",2
"Rudy",1
"Rueben",1
"Russ",9
"Russel",1
"Russell",15
"Rusty",2
"Ruth",3
"Ryan",24
"Rye",1
"Sabrina",1
"Sallie and Bill",1
"Sally",4
"Sam",3
"Samuel",4
"Sandra",9
"Sara",8
"Sarafina",1
"Sarah",20
"Sarah and Tyler",1
"Sarina",6
"Scott",36
"Scott and Patricia",1
"Scott and Susan",1
"Sean",5
"Secilia",1
"Sever",1
"Shane",8
"Shannon",2
"Sharilee",1
"Sharla",4
"Sharlene",1
"Sharmen",1
"Sharon",9
"Shaun",1
"Shauna",2
"Shawn",4
"Shawna",2
"Shayla",2
"Shayne",2
"Sheila",3
"Shelby",1
"Sheldon",2
"Shelia",1
"Shelley",2
"Shelly",4
"Sheri",2
"Sherman",1
"Sherre",1
"Sherri",3
"Sherrie",1
"Sherril",1
"Sherrill",2
"Sherry",4
"Sheryl",2
"Shiela",1
"Shiloh",1
"Shiree",1
"Shirlene",2
"Shirley",16
"Shon",1
"Shonna",1
"Simia",2
"Skip",1
"Slade",1
"Sofia",1
"Sonja",1
"Spencer",1
"Stacey",9
"Stacie",3
"Stacy",4
"Stanley",2
"Star",1
"Stephan",2
"Stephani",1
"Stephanie",7
"Stephen",10
"Steve",42
"Steve and Deb",1
"Steven",24
"Steven H.",1
"Stewart",2
"Stuart",1
"Suavi",1
"Sue",8
"Summer",1
"Sunni",1
"Sunshine",1
"Sus",1
"Susan",22
"Susan and Pat",1
"Susanne",2
"Susi",1
"Susie",3
"Suthershannon",1
"Suzanna",1
"Suzanne",5
"Suzette",1
"Suzi",2
"Suzie",1
"Syd",2
"Sylvan",1
"Sylvester",1
"Sylvia",1
"Syndey",1
"TJ",2
"Tabitha",1
"Tamara",2
"Tammy",3
"Tanner",2
"Tanya",1
"Tara",3
"Tara and Matt",1
"Tawni",1
"Taylor",3
"Ted",12
"Ted and Cathy",2
"Tera",1
"Teresa",5
"Terral",2
"Terrance",1
"Terri",2
"Terry",34
"Terry L.",2
"Tess",4
"Tessa",2
"Thaddeus",4
"Thane",1
"Thelma",2
"Theo",1
"Theodore",4
"Theresa",11
"Therese",1
"Thomas",24
"Tia",1
"Tiffany",3
"Tim",32
"Tim and Kitty",1
"Timothy",17
"Tina",2
"Tina & Michael",1
"Tisha",1
"Toba",1
"Tobias",1
"Tod",2
"Todd",26
"Todd and Kayleen",1
"Tom",44
"Tomas",1
"Toni",2
"Tonna",2
"Tony",4
"Tori",1
"Torie",1
"Tory",1
"Tracey",7
"Traci",1
"Tracie",3
"Tracy",7
"Travis",20
"Trent",1
"Tresa",1
"Trevor",1
"Tricia",1
"Trish",3
"Troy",5
"Trudy",1
"Truman",1
"Twila",2
"Ty",12
"Tyd",1
"Tye",1
"Tylene",3
"Tyler",7
"Val",2
"Valee",1
"Valerie",6
"Vance",1
"Vanessa",2
"Vann",2
"Vaughn",2
"Vecpa",1
"Velda",2
"Verlynn",1
"Vern",2
"Verna",1
"Veronica",1
"Vicki",4
"Vicky",1
"Victor",1
"Victoria",5
"Vince",2
"Vincent",1
"Viola",2
"Virgil",2
"Virginia",5
"WC",1
"WM",1
"Wade",2
"Walker",3
"Wallace",3
"Wally",1
"Walter",8
"Wanda",3
"Ward",1
"Warren",10
"Warrick",1
"Wayne",16
"Wellen",2
"Wendy",4
"Wes",7
"Wesley",2
"Westin",1
"Whitney",3
"Wilber",1
"Wilbur",4
"Will",2
"Will Jorgensen",1
"William",56
"William and Kathy",1
"Willis",1
"Willy",1
"Wilma",1
"Wyatt",1
"Wyvonne",1
"Yancey",1
"Yolanda",1
"Yuliya",1
"Yuriko",2
"Yvette",1
"Yvonne",2
"Zach",15
"Zachary",8
"Zane",1
"Zia",1
"Zina",1
"Zoe",1
"Zofia",3
"Zuzana",1
