"PhysicalStreet","n"
"",78
"#1 Ginger Quill Ct",1
"#10 Chapel Rd",1
"#11 Greenhorn Rd S",1
"#12 Greenhorn Rd S",1
"#13 Camp Senia Road",1
"#14 Greenhorn Rd S",1
"#2 Dell Rd",1
"#2 French St",1
"#2 Yellow Perch Dr",1
"#27 A Bearpaw Subdiv",1
"#4 235 Main St",1
"#5 Second Street",1
"#6 Greenhorn Rd S",1
"#8 Lovins Ln, Marias Acres",1
"#9 Green Meadow Ln",1
"1 Boulder Dr",1
"1 Bull Moose Lane",1
"1 Carl West 1 Rd",1
"1 Falcon Lane",1
"1 Hitching Post Rd",1
"1 Luther Roscoe Rd",4
"1 Meadowlark Dr",1
"1 Miller Rd",1
"1 North Tartan Street",1
"1 O'Connor Rd",1
"1 OConnor Rd",1
"1 Old School House Lane",1
"1 Streamside Dr",1
"1 Vaubel Rd",1
"1.8 Miles N of Fort Smith",1
"10 Autumn Rd",1
"10 Bridle Trails Dr",1
"10 Grizzly Rd",1
"10 M E of Winnett",1
"10 Norlin Ln",1
"10 Ponderosa Lane",1
"10 River Drive",1
"10 Samuelson Rd",1
"10 Sundog Cir",1
"10 Tuttle Lane",1
"100 Airport Rd",1
"100 Baking Powder Rd",1
"100 Chokecherry Lane",1
"100 Davis Ln",1
"100 Dull Knife Dr",1
"100 Golden Valley Colony Ln",1
"100 N Low Bench Rd",1
"100 Quiet Falls Dr",1
"100 Sage Meadow Cir",2
"100 Schutz Ln",1
"100 Short Road",1
"100 Twin Antler Dr",1
"1000 Reese Cr Rd",2
"1000 Reese Creek Rd",1
"1003 Ten Mile Rd",1
"1004 Sparrow Ln",1
"1005 Prairie Lane",1
"1005 Sioux Rd",1
"1006 Main Street",1
"1006 S 72nd St W",1
"1007 North Seven Mile Rd",1
"10088 Hwy 212",1
"1009 Logan St",1
"101 Atcheson Lane",1
"101 Cheyenne Ave",1
"101 Labrador Drive",1
"101 N River Rd",1
"101 Randall Ln",1
"101 s Washington Ave",1
"1010 13th Ave N",1
"1010 Just Another Rd",1
"1010 Rocky Rd",1
"1010 Timber Trail",1
"1011 Hwy 340",1
"1011 Rd 7",1
"1014 Cabin Creek Rd",1
"1014 Peppergrass",1
"1015 Lane 9",1
"1015 Motsiff Rd",2
"10160 County",1
"10160 County Rd 340",1
"102 1st Ave S",1
"102 Centennial Dr",2
"102 Eustis Rd",1
"102 Garnet",1
"102 Memory Lane",1
"102 N Cetennial",1
"102 N Dry Creek Rd",1
"102 Third St",1
"1020 Apples Way",1
"1020 Hannon Rd",2
"1020 Hannon Rd
, PO Box 173120",1
"1020 Peppergrass Lane",1
"1020 Smith Rd",3
"10203 CR 340",1
"1021 Hwy 7",5
"1022 Peppergrass Lane",1
"1022 Peppergrass Ln",1
"1023 S 8th Ave",1
"1024 Bass Ln",2
"1025 MT Hwy 2 W",1
"1027 Bulltail Road",1
"1028 Adams Ave South",1
"1029 Third St",1
"103 1st Street SW",1
"103 Boardwalk",1
"103 Boardwalk
PO Box 173120",1
"103 Lower River Rd",1
"103 McCord Rd",1
"103 Tuttle Lane",1
"1031 3rd Rd NE",1
"1032 N Warren",1
"10340 MT Hwy 80",1
"10387 Tagalong",2
"1039 Cedar Canyon Rd",1
"1039 Sierra Rd W",2
"104 6th St",1
"104 Adams Street",1
"104 Bowen",1
"104 Logan Ave",2
"104 Roller Coaster Rd",1
"1041 Chaffin Ln",1
"1041 Hwy 55",1
"10423 Bridger Canyon RD",1
"10423 Bridger Canyon Rd",3
"1045 Hwy 89 S",1
"10455 Dee Norman Rd",1
"10455 Gee Norman Rd",1
"1046 HoneyWell Dr",1
"1046 Picket Pin Trail",1
"1046 S 1st St",1
"1049 Winchester Road",1
"105 Frontage Rd E",1
"105 Gilmore Ln",1
"105 Jim MT Rd",1
"105 Jim Mt Rd",1
"105 Snowline Rd",1
"105 West Main",1
"1050 Smith Rd",2
"10500 Gee Norman Road",1
"1051 Vali Rd",1
"10511 River Road",1
"1055 Sun Valley Rd.
, PO Box 173120",1
"10570 Enders Rd",1
"106 #4 Rd",1
"106 Baking Powder Rd",2
"106 Mills Rd",1
"106 Number 4 Rd",1
"106 Stormitt Butte Road",1
"106 Vantage Ln",2
"106 W Pryor Rd",1
"106 Yellowstone Ave",1
"1062 Flat Top Rd",2
"1062 Mill Creek Rd",1
"1064 Mill Creek Rd",1
"1064 Millcreek Rd",1
"1065 Sun Valley Rd",1
"1067 McClellan Rd",2
"1068 Wild Mountain Rd",1
"10688 N Kolin RD",1
"107 Ponderosa Trail",1
"107 Sourdough Ridge Rd",1
"1071 Hwy 16",1
"10715 Juniper Rd",1
"1073 Bowdoir Rd",1
"1073 Road 7",1
"1074 Jessica Ct",1
"1079 Flat Rd",3
"108 7th Ave E",1
"108 Deemer Crk Rd",1
"108 Highland Park Rd",1
"108 McKeown Lane",1
"108 S Broadway Ave",1
"1080 Glory Lane",1
"1080 N Gage",1
"1080 Point of Rocks Rd",1
"1081 Sheep Mt Rd",3
"1081 Tie Creek Rd",1
"1084 Jenne Lane",1
"1084 S Boulder Rd",1
"10845 S Boulder Rd",1
"1085 Hamilton Rd",1
"1088 Meridian Rd
",1
"10883 Peaceful Plateau Trl.",1
"1089 Shane Ridge Rd",1
"109 2nd Ave E. PO Box 262",1
"109 Henrietta St",1
"109 Pattee St",1
"109 Piper Way",2
"1091 S 1st St",1
"1093 Outlaw Trail",1
"1094 Miles City Cutoff",1
"1095 Cougar Dr",1
"1096 After Creek Dr",1
"1096 Alder Creek Dr",2
"10967 Stemple Pass Rd",2
"10996 Corbly Gulch Rd",1
"11 Augare Rd",1
"11 Barham Rd",3
"11 Big Chief Trail",1
"11 Big Sky Ln",1
"11 Chance Rd",1
"11 Fiddlers Green
, PO Box 173120",1
"11 Grassland Lane",1
"11 Grill Rd",1
"11 Grizzly Peak Rd",1
"11 Grizzly Peak Road",1
"11 Hachet Creek Loop Rd",1
"11 N Terry Ave",1
"11 Rodger Lane",1
"11 Rolling Stone Lane",1
"11 Rolys Road",1
"11 Tayler Ln",1
"11 Tizer Way",1
"11 W Main St",1
"11 Woman Chief Cr",1
"110 5th Rd SE",2
"110 Eagle Point Ln",2
"110 Highway 248",1
"110 Saddle Peak Cir",1
"1100 Road 261",1
"1100 Sleeping Child Rd",1
"1101 Lupine Ridge Trl",1
"1102 S. Edick",1
"11040 Taiga Trail",1
"11040 Taiga Trl",1
"1105 Pryor Creek Rd",1
"1105 Pryor Creek Road",1
"1105 S Tracy Ave",1
"1105 South Tracy Ave",2
"11060 Goulding Creek Rd",1
"11070 Little Holland Rd",1
"11074 Front St",1
"11075 Railroad Street",1
"11095 Railroad Street",1
"11096 N Forks Rd",3
"111 2nd Street Crane Acres",1
"111 E Elk Park Rd",1
"111 Heimat Road",1
"111 Sheps Rd",1
"111 Whitetail Rd",1
"11133 County Rd 344",1
"1114 Emery Rd",2
"1114 Sth 11th Rd",1
"11160 Front St",1
"1119 Hwy 2 E",1
"112 Curry Flat Ln",1
"112 Quackey Gulch Way",1
"112 Ridge Rd S",1
"112 Upper Flat Rd",1
"1120 Reynolds Creek Rd",1
"1122 1st Rd NE",2
"11220 Front St",3
"1123 2nd Street E",1
"11230 EW Tenny Rd",1
"1124 Micheal Lane",1
"1125 South 6th St",1
"11252 C A Rd",1
"11295 Stemple Pass Rd",1
"113 1st Ave W",1
"113 Blackmore Mountain Drive",1
"113 Blackmore Mtn Way",3
"113 Durston Rd",1
"113 Lone Pine",1
"1130 Woodgate Circle",2
"11307 Stemple Pass Rd",1
"1131 Vallejo Rd",1
"11313 Enders Road",1
"1134 River Road",1
"1135 Prosperity Place",1
"1136 Rd 544",1
"1136 Roosevelt Trail",1
"114 Dalton",1
"114 Dalton Dr",1
"114 Madison St",1
"114 N Broadway",1
"114 Railway Ave W",1
"114 S Fiddler Crk",1
"114 Taulman Ln",1
"114 W Church St",1
"1140 Point of Rocs Rd",1
"1140 Pryor Creek Rd",1
"11406 Paradise Valley Rd",1
"1143 Orchard Ln",1
"1145 Bluegrass Drive West",1
"1145 Reagan Rd",1
"1145 Willow Creek Road",1
"1146 Valhalla View",1
"11465 Axtell-Gateway Rd",1
"1147 Orchard Lane",1
"11478 Hoosac Rd",1
"115 2nd St",1
"115 E Powderville Rd",1
"115 Sherod Rd",2
"115 Whit Creek",2
"1150 Carpenter Rd",2
"1151 cherry Orchard Loop",1
"1155 Deep Creek Rd",1
"1155 Deep Cu Rd",2
"1155 High Ridge Dr",1
"1155 Megan Trail",1
"1155 Nelson Rd",1
"1157 Willow Creek Rd",1
"1159 Rte 8",1
"116 Hitching Post Rd",2
"1160 Savoy Rd",3
"1160 Smith Rd",1
"11660 Law Road",1
"11681 Highway 212",1
"117 Daly Rd",1
"117 Deerfoot Trail",1
"117 Dry Creek Trail",1
"117 Dunn Creek Rd",1
"117 E Smith Creek Rd",1
"117 Emerald Ln",1
"117 Lower River Rd",1
"117 Old Divide Rd",1
"117 Pintail Ridge Rd",3
"117 Tailgate Ln",1
"117 Tatley",1
"117 Valley Drive",1
"117 Wagon Trail Rd",1
"1170 Arlington Ave",1
"1171 Grinde Rd",1
"1172 Grinde Rd",1
"1172 Valhall View",1
"1173 Hwy 55",1
"1173 US 287N",1
"1174 Lane 9",1
"1179 Rye Creek Rd",3
"118 4th Street",1
"118 Cattle Drive Rd",1
"118 Cranson St",1
"118 East Main St",1
"118 Lonesome Dove Rd",1
"118 Lonesome Dove Road",1
"118 Meadowlark Ln",1
"1181 7th St NW",1
"11820 Hanover Rd",2
"11825 Hwy 16",1
"11851 County Road 325",1
"1187 Stillwater River Rd",1
"11893 Antelope Valley Rd",1
"119 E Grove St",1
"119 Log Cabin Rd",1
"119 Old Divide Rd",1
"119 Strawberry Ln",1
"1196 E Parrot Creek Rd",1
"1196 Park Lane",1
"11972 HWY 313",1
"1199 Gypsy Basin Road",1
"1199 Martin Curtis Rd",2
"11A Barham Rd",1
"12 2nd Ave SE",1
"12 Andrews",1
"12 Bankhead Ln",1
"12 Bannock Circle",1
"12 Bear Creek Road East",1
"12 Cedar Bluffs Rd",1
"12 Fishtail/Potter Lane",1
"12 Goggins Dr",1
"12 Grill Rd",3
"12 Langwood Ln",1
"12 Melville Main",2
"12 Min North of Glasgow, near Hwy 24N",1
"12 Mobley Rd",1
"12 N Division",1
"12 Nye Rd",1
"12 Pineview Circle",1
"12 Pueblo Trl",1
"12 Quartz Street",1
"12 Soldier Creek Rd",1
"12 Soldier Creek Road",1
"12 Sunset Ridge Lane",1
"12 Tutle Lane",1
"12 Widgeon Rd",1
"12 Willow Bend Rd",1
"120 1st Ave SW",1
"120 Briggs Ln",1
"120 Old Cabin Ln",1
"120 S 5th St",1
"1200 Independant Lane",1
"1200 Jana Ln",2
"1200 Jana ln",1
"1200 Mountain Meadows",1
"1203 Duncan Rd",1
"12046 Purtnell Rd",1
"1206 Jack Creek Rd",1
"12080 CR 350",1
"121 3rd Avenue SW",1
"121 Cold Smoke",1
"121 E Bench Rd",1
"121 Fir Ln",1
"121 Little Britches Dr",1
"121 Patti Lane",1
"121 Patti Ln",1
"121 Rainbow Point Rd",1
"121 Tipville Rd",1
"121 Varney Rd",2
"1210 Hwy 89 N",1
"1210 Tammany Ln",1
"1211 Crow Creek Road",1
"1214 Peppergrass Ln",1
"1215 Sawbuck Place",1
"12150 Gallatin St",1
"1216 A Saundez Rd",1
"1217 18th St W",1
"12174 Hwy 16",1
"12174 Valier-Cut Bank Hwy",1
"1218 Upper Ruby Road",1
"12180 Riverview Drive",1
"12189 County Rd 321",1
"122 Camp 729 Rd",1
"122 Fir Lane",3
"122 Lunde Rd",1
"122 MT Hwy 287",1
"122 Main St",1
"122 Montana Highway 287",1
"122 Montana Hwy 287",1
"1221 Palisades Pl",1
"1225 Upper Tom Burke",1
"1225 White Tail Lane",1
"12266 CR 349 R",1
"1229 Iron Cap Dr
",1
"1231 US Hwy 89",4
"1234 Bear Canyon Rd",1
"12345 Gooch Hill Road",1
"1236 Rd 248",3
"12370 Crystal Mtn Rd",1
"12371 CT Rd 351",1
"12387 Hoosac Rd",1
"1239 Homestead Dr",1
"12390 Pole Gulch Rd",1
"124 Berry Ct",1
"1241 Rd 238",2
"12436 CA Rd",1
"1245 Bluegrass Dr East",1
"12450 Clarkston Rd",1
"1247 Sun Valley Rd",1
"12496 Country Road 333",1
"125 Briggs Ln",1
"125 Cook CT",1
"125 Cook Ct",3
"125 Good Medicine Tr",1
"125 Mill Creek Rd",1
"125 Palehe Court",1
"125 Teakettle Rd",1
"125 Waterfowl Way",1
"125 Whitebird Crk Rd",1
"125 Winchester Dr",1
"1250 Carpenter Rd",1
"1250 W US Hwy 212",1
"12500 Axtell Gateway",1
"12513 Rainbow Drive",1
"1253 Beaver Flats Rd",1
"1255 School Gulch Rd",5
"12555 Andrew Ln",2
"12555 Gooch Hill Rd",1
"1256 Rosebud Cr Rd",1
"1259 Meeteetse Trail Rd",1
"126 Patrick Henry Lane",1
"126 Quinn Creek Rd",1
"126 Rd 3 JC",1
"126 Tomsheck Rd",1
"126 Tomsheck Road",1
"1260 Golf Course Rd",1
"1260 Hwy 421",1
"1260 State Hwy 421",1
"1260 Story Mill Rd",1
"12645 Kelly Canyon Rd",1
"12676 Rose Creek",1
"12676 Rose Creek Rd",1
"1268 Boylan Rd",1
"127 1st St NE",1
"127 Butcher Creek Rd",1
"127 Dollie Trail",1
"127 Turner Rd",1
"127 Wimer Ranch Rd",1
"1271 D Rt 1",1
"1271 Sawbuck Pl",1
"12742 Canyon Creek Road",1
"1275 Baldy Mountain Lane",2
"1275 Montana 2005",1
"1279 Grayling Creek Road",1
"12798 Cr 350",1
"128 1st St",1
"128 Bridger Ridge Run",1
"128 Elk Haven Rd",1
"128 Erik Dr",1
"128 Lone Spring Rd",1
"128 Oryx Cir",1
"128 Patrick Henry Ln",1
"1280 MT HWY 69",1
"1282 Boundary Rd",1
"12837 Benchland Rd",3
"1285 Lane 11 1/2",1
"12864 Crystal Mtn Rd",1
"1287 River Rd",1
"129 Blackmore Mtn Dr",1
"129 Sramek Lane",1
"1290 Story Mill Rd",1
"12914 S Fork Rd",1
"12948 County Rd 350",2
"12948 County Road 345",1
"1296 Landusky Rd",3
"12970 Cottonwood Rd",1
"12970 Medicine Trail",1
"13 Angler Way",1
"13 Ante Ln",1
"13 Blue Wing Rd",1
"13 Hillcrest Rd",1
"13 Lariat Loop",1
"13 Miller Ln",1
"13 R Road",1
"13 Stark Lane",1
"13 Two Bumps Loop W",1
"130 1st St",1
"130 Byam Rd",1
"130 Fortress Road",1
"130 Kegel  Ln",1
"130 McKeown Lane",1
"130 McKeown Ln",2
"130 Switchback Ln",1
"130 Upper Rader Creek Rd",1
"1300 Goose Ridge Road",1
"13000 Cottonwood Rd",2
"1301 Park View Pl",1
"1301 Ponderosa Dr",1
"1303 Pennel Rd",1
"13035 S Ranchairo Rd",1
"1304 Chaffin Lane",1
"1304 Park View Pl",1
"1307 Beaverslide Rd",1
"1307 Wildflower Way",1
"13070 New Hope Rd",1
"1309 WIldflower Way",1
"131 Icopini Rd",1
"131 Joshua Way",1
"131 McCord Rd",1
"131 Sayle Road",2
"131 Willard Rd E",1
"131 Work Creek Road",1
"1310 Lanell",1
"1310 Robin Lane",1
"1310 Stout Lane",4
"1310 Stout Ln",1
"1311-23 Rd NW",2
"1312 Doney Way",1
"1313 Hwy 16 Lot 3",1
"1314 Peosta Ave",1
"1317 Sorenson Rd
",1
"13172 Hwy 12 E",1
"1318 Emory Rd",2
"13193 US Hwy 12",4
"132 Bull Elk Rd",1
"132 Fjord Ln",1
"132 Huntley Butte Rd",1
"1320 Tomahawk Ln",1
"1322 Gibbins Ridge Rd",2
"13242 Hebgen Lake Rd",1
"1326 S Chruch Ave",1
"1326 S Church Ave",4
"1326 South Church Ave.",1
"1327 Rip Rap RD",1
"1329 South Fork Rd",1
"133 Carbonado Road
, PO Box 173120",1
"133 Dickson Crk Rd",1
"133 Fairgrounds Rd",1
"133 Log Cabin Lane",1
"133 Low Bench Rd",1
"133 US HWY 287 S",1
"133 Upper Hawk Valley",2
"1330 S Church Ave",4
"1335 Swenson Rd",1
"1336 Hwy 59 S",1
"1336 Rapelje Rd",1
"1338 Wrangler Trail",1
"134 Bennett Dr",1
"134 Prewett Creek Lane",1
"134 Rd 3LE",1
"134 Slaughter House Crk",1
"1340 Bluebird Lane",1
"1340 Rd 6 1/2",1
"13403 Highway 200",1
"1341 Bozeman Trail Rd #1",2
"1341 Bozeman Trail Rd#1",1
"1341 Robin Lane",1
"1341 Robin Ln",1
"13449 CR 324",2
"1345 Horseshoe Hills Rd",1
"1346 East G Rd",1
"1346 S Fork Rd",1
"1347 Old Hardin Rd",1
"13475 Camp Creek Rd",1
"1348 Country Rd",1
"135 Grace Ln",1
"135 Makowski Ln",1
"135 N Dry Creek",1
"1350 Country Rd",1
"1350 Deer Meadow Dr",1
"1350 Honey House Ln",1
"1351 Rd 523",2
"13515 Cottonwood Canyon Rd",1
"1359 Clarhill Road",1
"136 Byam Rd",2
"136 Byam Road",1
"13623 Cottonwood Rd",1
"1365 E 8th St",1
"1365 Timothy Place",1
"13660 CR 318",1
"13689 Hoover Creek Rd",1
"137 McGee Dr",1
"137 N Stillwater Rd",1
"1371 Nye Rd",1
"1375 College Place",1
"1378 Buffalo Rd",1
"13787 Hwy 200",1
"138 McGee Drive",1
"138 Prewett Creek Lane",1
"1380 Story Mill Rd",1
"13807 Sage Creek Trailhead Road",1
"1381 Cougar Dr",1
"1381 Cougar Drive",1
"1384 Summerdale Rd",1
"13877 MT Hwy 244",1
"139 Carterville Rd",1
"139 Morton Ln",1
"139 Rocky Rd",3
"1395 Mill Road",1
"1399 US Hwy 93 N",1
"14 Antler Lane",1
"14 Bennock Circle",1
"14 Cinch Trail",1
"14 Cinnamon Teal Rd",1
"14 Halford Rd",1
"14 High K Street",1
"14 Lariat Loop",1
"14 Marshall Lane",1
"14 Mercury Ln",1
"14 Midnight Trail",1
"14 Paintbrush Pl",2
"14 Peterson Ranch Rd",1
"14 Sauger North Rock Creek",1
"14 Taylor Lane",1
"14 Trudgeon Trl",1
"140 1st St",2
"140 Larson Rd",1
"140 Pine Drive",2
"140 Rye Dr",1
"140 Tuttle Ln",1
"1400 B Story Mill Rd",1
"1400 Grey Blanket Rd",1
"14000 Rocky Mountain Rd",1
"1401 25th Ave NE",1
"1401 AV B NW",1
"1401 Ave B NW",1
"1401 Avenue B NW",1
"1402 Indian Creek Frn Rd",1
"1402 Indian Creek Tr Rd",1
"14043 City Road 340",1
"1406 Bench Blvd",1
"1407 Franklin",1
"141 Marillyn Dr",1
"141 S View Ridge Lane",1
"141 South View Ridge Lane",1
"141 White Tail Rd",1
"141 Winchester Dr",1
"1410 Cannon Creek Rd",1
"1410 Oklahoma Stair Trail",1
"1410 Ridge Dr",1
"1410 W 9th",1
"1417 S Church Ave",1
"14178 Kelly Canyon Rd",1
"1418 Rosebud Cr Rd",1
"1418 Rosebud Creek Rd",1
"1418 Woodland Trail",1
"1419 Countryman Creek",1
"142 Clancy Creek Rd",1
"142 Luppold Rd",1
"142 Old Mill Rd",1
"1421 Lodge Pole Way",1
"14226 Cottonwood Canyon Rd",1
"1423 Cougar Dr",1
"1425 Moon Creek Rd",1
"14263 Portnell Road",1
"1427 Cartersville Rd",1
"14280 Rocky Mountain Rd",1
"14285 Hebgen Lake Rd",2
"14289 Frontage Rd",1
"143 Eight Mile Creek Rd",1
"143 Farmland Crossing",1
"143 Juniper Rd",1
"143 Otter Creek Rd",1
"143 Rd 240",1
"143 Schoolhouse Rd",1
"1430 Brady Street",1
"1430 Hwy 431",1
"1430 Lance Ln",1
"14323 Rocky Mountain Rd",2
"1434 Mackie Sq",1
"1434 Rd 261",1
"14375 CR 356",1
"1439 Spring Paradise Road",1
"144 Bauman Rd",1
"144 Johnny's Coal Rd",1
"1444 36th Ave W",1
"145 Cartersville Rd",1
"145 Pishkun Rd",1
"145 Wrangler Trail",1
"145 Wrangler Trl",1
"1450 Ln 10 1/2",1
"1451 Plevna Rd",1
"1451 Plevna Road",1
"14525 Spanish Breaks Trail",1
"14525 Spanish Breaks Trl",2
"146 Bulging Elk Trl",1
"1460 Stillwater Rd",1
"1460 W 18th Ln NE",1
"14630 State Highway 47",1
"1464 West Old Hwy 10",1
"1465 Stillwater River Road",1
"1466 Old Hwy 10",1
"1468 Sapphire Ranch Trail",1
"14688 US Hwy 2E",1
"147 Horstheif Rd",1
"147 Hwy 14A",1
"147 Rosebud Cr Rd",1
"147 Vida E Rd",3
"147 Vida East Rd",1
"1476 Railroad Highway",1
"1477 Ash Street",2
"14775 Hayhook Rd",1
"148 Southview Ridge Ln",1
"148 Walstad Rd",1
"14821 Turkey Track Rd",2
"14825 Spanish Breaks Trail",1
"1483 N Nelson Rd",1
"1484  Savoy Rd",1
"1484 Old Darby Road",1
"1484 River Rd W",3
"1486 Smith River Rd",1
"149 Clark Ln",1
"149 Craddock Rd",1
"149 Sq Cr Rd",1
"149 Sunrise Road",1
"1490 2nd Rd NE
",1
"1490 Cabin Creek Rd",2
"1491 Beaver Creek West Rd",1
"14980 Brackett Creek Rd",1
"1499 Hwy 10 E",1
"15 5th AVE NE",1
"15 Appaloosa Ridge",1
"15 Canyon Meadow Rd",1
"15 Charity Ln",1
"15 Cliff Dr",1
"15 E Powderville Rd",2
"15 E Spring Creek Ln",1
"15 Hensley Creek Rd",1
"15 Highland View Dr",1
"15 Kinikinic Trail",1
"15 N. Fork Travis Creek Rd",1
"15 Richards Ln",1
"15 Willow Creek Crossing",1
"150 McCabe Rd",1
"150 Monahan Rd",1
"150 Monahar Rd",1
"1501 Driftwood Dr",2
"1501 Frank Rd",2
"1503 Frank Rd",1
"1503 West ""M"" Road
, PO Box 173120",1
"1504 Bear Canyon Rd",1
"1505 Hillside Lane",1
"1505 Hillside Ln",1
"1506 Hwy 421",1
"1507 Driftwood Dr",1
"1508 Hwy 421",1
"1509 Wildflower Way",1
"151 5th Rd NE
, PO Box 173120",1
"151 Cow Creek Rd",1
"151 Farth Rd",1
"151 Valley Rd",1
"1511 Driftwood Dr",1
"1511 Driftwood Drive",2
"1515 Easy Rd",2
"1515 Easy Rd
",1
"1515 Plevna Rd S",3
"1515 Plevna Road South",1
"1515 Summit St",1
"152 Cemetery Rd",1
"152 Losing Rd",1
"152 Silverado Trl",1
"152 Whitebird Creek Rd",1
"1520 Broadway Ave S",1
"1524 Broadway Ave S",1
"1524 Echo Mountain Rd",3
"1525 Stout Lane",1
"15255 Flaming Arrow Rd",1
"1529 Clark Ave",1
"153 Dune",2
"153 Grouse Butte Ln",1
"153 Old Beaverslide Ln",1
"153 Rd 240",1
"153 Roundup Mesa Rd",1
"153 Vida East Rd",3
"1535 Central Ave",1
"15350 Horse Cr Rd",1
"15350 Horse Creek Rd",1
"1537 Taffy Lane",1
"1540 Hillcrest Ave",1
"1541 Hanover Rd",1
"15495 Hogeland Rd",1
"155 Cobble Cr",1
"155 E Hodgeman Rd",1
"155 Jeffers Loop S",1
"155 Ragland Rd",1
"155 Ramsey Lane",1
"1550 Goose Ridge Rd",1
"1550 Goose Ridge Road",1
"1551 28th Rd NW",1
"1552 Blue Lupine Ln
, PO Box 173120",1
"15525 Horse Creek Rd",3
"15525 Horse Crk Rd",1
"15565 Brackett Creek Rd",1
"1557 East I Road",1
"1558 Amsterdam Rd",1
"156 Parrot Castle Rd",1
"156 Renzim Ct",1
"15643 Regina Rd",1
"1568 US Hwy 191 S",1
"157 N Ennis Lake Rd",6
"157 N Ennis Lake Road",1
"157 North Ennis Lake Rd",1
"157 Reitz Road",1
"157 Rietz Rd",1
"157 Wedgewood Lane",1
"1570 Hwy 434",1
"1571 25th Lane NE",1
"1572 Silver Sage Ln",1
"1572 Wagner Loop",1
"1575 Topaz Dr",1
"158 Koelzer Rd",1
"158 Prairie Glen Way",1
"158 Rd 20",1
"158 Riverside Ranch Rd",1
"158 Schreiner Rd",1
"158 Volney Creek Rd",2
"1581 Hanover Rd",1
"1582 Hwy #10",1
"1582 Hwy 10",1
"1582 Skywood Rd",1
"1586 Mackie Square",1
"1587 Grizzly Gulch Dr",1
"159 Barnes Lane",5
"159 Barnes Ln",1
"159 Kinsey Hwy",1
"159 St Ensvad Ln",1
"1597 WIlliams Brdige Rd",1
"16 Burt Lane",1
"16 Charlies Way",1
"16 Cloud Way",1
"16 Colter Trail",1
"16 Madison Dr",2
"16 Mobley Rd",2
"16 North Main Street",1
"16 Soreback Ln",1
"160 Forest Ln",1
"160 HWY 212 W",1
"160 Hagerty Rd",1
"160 Hwy 212 E",1
"160 Hwy 212 W",13
"160 Hwy 2121 W",1
"160 Jimmy Green Rd",1
"160 Luhn Ln",1
"160 N. Main St",1
"160 Rd 230",1
"160 Road 230",1
"160 Smith Rd",1
"1600 S Lincoln Ave SE",1
"1602 Arropho Ln",1
"1602 Indian Creek Frontage Rd",2
"1603 Shady Grove Way",2
"1608 Walter Rd",1
"161 Gaunderson Rd",1
"161 Jet Lane",1
"161 Jet Ln",1
"161 W Bad Rtc Rd",1
"161 W Bad Rte Rd",1
"161 W Hodgeman Rd",1
"161 Whitetail Rd",1
"1611 Foster Creek Rd",1
"1612 Scenic View Road",1
"16125 Pryor Rd",1
"16135 Dundee Rd",1
"1615 Kadzie Ave",1
"1615 Peritsa Circle Rd",1
"1616 Kingston Mine Rd",1
"16167 US Highway 12",1
"1618 Cinch Rd",1
"1619 Walker Ln",1
"162 Arland Rd",1
"162 Cedar Breaks Trl",1
"162 McCoy Rd",1
"162 Rapelje Rd",1
"162 Webster Rd",3
"1622 Cinch Road",2
"1625 Hawthorne Ln",1
"163 Lake Dr East",1
"1632 Birch St",1
"1634 Rimrock Rd",3
"1637 Spruce Dr",1
"1637 Spruce Drive",1
"1640 Vuecrest Dr, Apt C",1
"1641 Birch St",1
"1645 Cane Street",1
"165 Dry Wolf Rd",1
"165 Nye Cemetery Rd",1
"165 Rd 429",1
"1651 Oklahoma Star Trail",2
"1651 Olkahoma Star Trail",1
"1653 Valley Dr",1
"1657 Meriweather",1
"1657 Meriweather
PO Box 173120",1
"165A Blue Heron Dr",1
"165A Blue Heron Lane",1
"166 Forest Lane",1
"166 West Shore Duck Lake",1
"166 Westshore Duck Lake Lot 4",1
"1661 Bandel Lane",1
"16626 Henrys Dr",1
"16634 Bridger Canyon Rd",1
"1664 Lane 9",1
"16643 US Hwy 12 W",1
"167 Great Escape Rd",1
"167 Old Divide Rd",1
"16700 MT Hwy 21",1
"1677 Nelson Rd",1
"1679 Lone Point Dr",1
"168 Little Beaver Creek Rd",1
"168 Rosebud Cr Rd",1
"1682 Lane 14",1
"1682 Lowe 14",1
"1683 Cottontail Rd",1
"1685 Robson Ln",1
"169 Bowman Rd",2
"1690 Sapphire Ranch Trail",1
"1694 Sutherland Ln",4
"1699 Cobb Hill Road",1
"1699 Harvest Rd",1
"17 Abattoir Rd",1
"17 Beavertail Road",1
"17 Cedar Hills Rd",1
"17 David Dr",1
"17 Hesperus Lane",1
"17 Jesse's Run",2
"17 Mule Deer Lane",1
"17 Naya Niki Peak",4
"17 Open Sky Bend",1
"17 Spencer Road",1
"17 Tayler Lane",1
"17 Wapiti Estates Dr",1
"17 Wapiti Estates Drive",1
"170 Rd 244",1
"1700 Medicine Wheel Ln",11
"1700 North Trewin School Road",1
"1700 Wildflower Way",2
"1701 Wildflower Way",1
"1704 Polo Ln",1
"1705 Mary Street",1
"1705 Parkview Pl",1
"1706 Aspenwood Trail",1
"1706 S 28th Road",1
"1708 Caroline St",1
"1708 Wildflower Way",3
"1709 Avalon Ridge Way",2
"1709 Sutherland Ln",1
"171 Bellon Drive",1
"1711 Wildflower Wy",1
"1714 Walker Ln",1
"1715 Alder Court",1
"1715 Alder Ct",6
"1715 Lincoln Ave SE",1
"1715 Robson Lane",1
"172 Crandell Rd",2
"172 Red Willow Dr",1
"1720 High Chappral",1
"1720 Old Sorrel Trail",1
"1725 3 C Bar Rd",1
"1725 3C Bar Rd",1
"1725 East I Rd",1
"1729 E Fork Rd",1
"1729 Main St",1
"173 Lake Dr",2
"173 Pumpkin Creek Road",1
"1731 Mountain View Orchard Road",1
"1731 U.S. Highway 93 S",1
"1732 Natalie St",1
"1737 Good luck Road",1
"1739 Remuda Drive",1
"174 Bogner Ln",1
"174 Woodley Ln",1
"1740 Rothiemay Rd",1
"1740 Rothimay Rd",1
"17411 Pryor Rd",1
"1743 Three Bars Trail",1
"1744 Hyw 10",1
"1745 East I Rd",1
"17450 Wilson Crk Rd",1
"1747 Stillwater River Rd",2
"175 Old Corral Rd",1
"175 Skalkaho Hwy",2
"17503 Hwy 12 SW",1
"1751 10th Ln NW",1
"1751 East I Rd",1
"1755 Lone Point Dr",1
"1755 Moffit Gulch",1
"1755 Moffit Gulch Rd",3
"1755 Scenic View Rd",1
"176 Jasma Ln",1
"1760 Carpenter Rd",1
"1765 Moffet Gulch Rd",1
"177 Boyd Cooney Dam Rd",1
"177 Grand St",2
"177 W Bridge Rd",1
"1770 North 4th Rd",1
"178 Kountz Rd",1
"178 MT Hwy 360",1
"1780 N 4th Rd",1
"1784 Eaglenest Trl",2
"1784 Moffit Gulch",1
"1784 W Grapevine Rd",2
"1795 Mountain View Orchard",1
"1797 Skunk Creek Rd",2
"1797 Skunk Creek Road",2
"18 Aspen Trl",1
"18 Begeman Ln",1
"18 Border Ln",1
"18 Country Meadow Ln",1
"18 Dry Hallow Dr",1
"18 Horse Shoe Ln",1
"18 Lower Midnight Rd",1
"18 Miles SW of Lodge Grass MT",1
"18 North Centurion Way",1
"18 Old West Lane",1
"18 Outback Rd",1
"18 Timberland Way",1
"18 Two Dot Wilson Lane",1
"18 Wild Hollow Rd",1
"18 Winkler School Rd",1
"18 Woolsten Rd",1
"180 Belt Creek Road",1
"180 Pine Cone Terrace",1
"180 Whitebird Creek Rd",1
"1800 Mary",1
"1800 Mary St",2
"1802 Dry Gulch",1
"1804 43rd Street West",1
"1806 Davis Creek Road",1
"1807 Christina W",2
"18075 US Hwy 12E",1
"1808 Sligo Lane",1
"1809 DeNittis Lane",1
"1810 10th Lane NW",1
"18105 Valier Hwy",1
"18106 Valier Hwy",1
"1811 Lariat Ln",1
"1817 Hillside Ln",1
"1819 Hwy 4",1
"1819 Natalie St",3
"1819 Natalie Street",1
"182 Camas Creek Loop",1
"182 Sunset Trl",1
"1820 Campfire Court",1
"1820 Lane 12",1
"1822 Arabian Ln",2
"1822 Mary St",1
"1823 Still Meadow Drive",1
"1825 Griswold Ln",1
"1825 Whispering Meadows Dr",1
"1825 Windham Benchland Rd",1
"1827 East Fork Road",1
"1828 Cartersville Road",1
"1833 Lupine Ln",1
"184 Rimrock/Carter Rd",1
"1840 Walter Rd",1
"18422 Bear Springs Rd",1
"18460 Midale Rd",1
"1847 Mountain View Orchard Rd",1
"1847 Webster Rd",2
"1848 Beartooth Rd",3
"18485 Hwy 12E",1
"185 Autobahn Dr",1
"185 Meadowlark Dr",1
"1850 Road 17 1/2",1
"1851 West M Road",1
"1853 Good News Lane",1
"18555 Highway 83",1
"1859 Lane 13 1/2",3
"18602 Hwy 12 E",1
"1861 Chalk Butte Rd",1
"1862 Sage Creek Trailhead Rd",6
"1863 Arrastra Gulch Dr",1
"1863 Hwy 2E",1
"1863 MT Hwy 2",1
"1866 Rifle Range Rd",1
"187 Painted Horse Trl",1
"1870 East Arrow Creek Rd",1
"1871 4th Str",1
"1872 RV Trail",1
"188 Century Lane",1
"188 Coal Mine Rd",1
"188 Coal Mine Road",1
"188 Ponderosa Ln",1
"188 Surenuff Rd",2
"1884 Silverado Trails",1
"189 Hwy 89 N",1
"189 Sierra Drive",1
"1893 Reno Creek Road",2
"1898 Buxadoodal Way",1
"19 Bird Divide Rd",1
"19 Flathead Creek Rd",2
"19 Lehmann Rd",1
"19 Meadowlark Lane",1
"19 Riverside Dr",1
"19 Riverview Rd",1
"19 Ruff Rd",1
"19 Ruff Road",1
"19 Sharptail Pl",1
"19 Teton Rd",1
"19 West Fork Cir",1
"19 West Fork Circle",2
"190 Belmont Rd",1
"190 Merlin Watch",1
"190 Merlin Watch Rd",1
"1901 East I Rd",1
"1904 Stanhope Rd",1
"1904 Stanhope Road",1
"191 Countryman Rd",1
"191 Ed Williams Rd",1
"191 Glen View Rd",1
"1910 River Overlook Dr",1
"19101 Crystal Mountain Rd",1
"1912 Ave B",1
"1913 Hwy 72",1
"1915 Goodspeed Dr.",1
"1919 Wytana Rd",1
"192 Mountain Brook Rd",3
"192 Rd 250",1
"1922 Stan Hope Rd",1
"1922 Stanhope Rd",3
"1927 Upper Ruby Road",1
"193 E Powderville Rd",1
"193 E US Hwy 212",1
"193 Otter Path Ln",1
"193 Summer Ridge Rd",2
"1930 Carroll Heights Circle",1
"1930 Mill Iron Camp Crook Rd",1
"1932 N Devon",1
"1932 Rd 261",1
"1936 Hwy 10",1
"1936 Spring Creek Rd",1
"1941 Elaine St",1
"1942 N Fisherman Rd",1
"1942 Wilkins Rd",1
"1943 Middle Bear Creek Rd",1
"1943 Middle Bear Crk Rd",1
"1945 Hwy 14A East",1
"1945 Lane 11",1
"1949 Star Ridge Rd",2
"195 Hwy 200 S",2
"195 Pelican Lane",1
"195 Pelican Ln",1
"195 V Timber Ln",5
"1950 66th Street West",1
"1951 Lower Canal Rd",2
"1952 East I Road",1
"1959 Shay Rd",1
"196 Bluffort Rd",1
"196 Bluffport Rd",1
"196 Bluffport Road",1
"196 Whitetail Dr",1
"1960 Harvest Loop",1
"1964 Middle Bear Ck Rd",1
"1965 Lane 10",1
"1965 S 9th Rd",1
"1968 Sorrel Horse Rd",2
"197 1st Rd S",1
"197 Lake Abundance Rd",1
"197 Lump Gulch Rd",1
"1970 Last Chance Rd",1
"1970 Star Ridge Rd",3
"1973 Peterson Dr",1
"19730 N Wagner Rd",1
"198 Bauer Road",1
"198 Farmland Crossing",1
"198 Fawn Meadow Rd",1
"198 Finley Ranch Rd",1
"198 Road 5 N",1
"198 Roland Rd",1
"1980 Cottonwood Creek Rd",2
"1980 Cottonwood Creek Road",1
"1981 Milwaukee",1
"1981 Milwaukee Rd",1
"1984 Harvest Loop",1
"199 Flynn Lane",1
"199 Police Creek Rd",3
"199 Police Creek Road",1
"199 Sky Crest Dr",2
"1991 Red Crow Road",1
"19910 Valier Hwy",1
"1996 Hwy 191 N",2
"2 Barham Rd",1
"2 Bates Lane",1
"2 Gettle Rd",2
"2 Hummingbird Lane",1
"2 Mountain West Loop",1
"2 N Kent Ln",1
"2 School Rd",1
"2 Sheep Creek Rd",1
"2 Silverbell rd",1
"2 Smoky Rd",1
"2 Snowberry Ln",1
"20 Aspen Hollow Ln",1
"20 Cross S Rd",1
"20 Fetherbed Rd",1
"20 Ginger Bear Ln",1
"20 Jordan Ln N",1
"20 Moose Meadow Lane",1
"20 North Iowa St",1
"20 Oar Rd",1
"20 Ridge Trail",1
"20 Shirleys Ct",1
"20 Shortie Rd",1
"20 Shortie Road",1
"20 Tagler Ln",1
"20 Tayler Dr",1
"20 Tayler Lane",2
"20 Tayler Ln",1
"20 Taylor Ln",2
"20 Willow Grove Lane",1
"20 Witten Ln",1
"200 Blodgett Cp Rd",1
"200 Blood Ln",2
"200 E Laundre Ave",1
"200 Hanley St",2
"200 Joliet Rd",1
"200 Latigo Ln",1
"200 Pony Rd",2
"200 Sage Coulee Rd",1
"200 Sand CVK Rd",1
"200 Schreiner Rd",1
"2000 Grizzly Gulch Drive",2
"2002 Rd 7 N",1
"2008 Ida St",1
"201 Everett Street 
",1
"201 Grantsdale Rd",1
"201 Henley St",2
"201 Lower Southfork Road",1
"201 Moose Ridge Lane",1
"201 Roaring Lion Rd",1
"201 Valley Dr",1
"2010 Tayler Ln",1
"2011 Norman Way",1
"2013 Sarpy Creek Rd",2
"2015 Williams St",1
"2016 Bridger Dr",1
"2016 Hwy 360",1
"202 1st Ave E",1
"202 Central Ave W",1
"202 Cottonwood Rd",1
"202 Elwell",1
"202 Hamp Creek Rd",1
"202 Hump Creek Rd",1
"202 N Pumphouse Rd",2
"202 Nail Trail",1
"202 Nail Trl Ln",1
"202 Pumphouse Rd",1
"202 S Maryland",1
"2025 Stone Creek Rd",1
"2028 Lane 11",4
"2029 Beech",1
"203 Cottonwood Road",1
"203 Divide Rd",1
"203 Kim Curry Rd",4
"203 Milk River Dr",1
"203 Vista Ct",1
"2031 East I Rd",1
"2035 Beech St",1
"204 Clear Creek School Rd",1
"204 Hogan Rd",2
"204 Snowline Rd",1
"2040 West M",2
"2042 Mountain Road",1
"2043 2nd Street S",1
"2044 Night Hawk Trail",1
"20495 Barney Olson Rd",1
"205 2nd Ave NW",1
"205 Blodgett View Dr",1
"205 Burlwood",1
"205 Kim Curry Rd",2
"205 Rd 2N",1
"205 Rd 506",1
"205 Road 20",1
"205 Roaring Lion Rd",1
"205 Two Rivers Rd",1
"2050 Desperado Trl",1
"2051 Lane 13 1/2",1
"2055 East I Rd",1
"2056 N 4th Rd",1
"2057 Stage Coach Rd",2
"206 East Griffin Drive",1
"206 Hogen Rd",1
"206 White Pine Creek Rd",1
"2061 Plum Creek Rd",1
"2061 Plum Creek Rd.",1
"2061 Plum Creek Road",2
"2062 McElfish",1
"2069 Worman Way",2
"207 31st St NW",1
"207 Election Road",1
"207 Roxie Lane",1
"207 S Sand Creek Rd",1
"207 Seven Mile Dr",1
"2072 Oro Fino Gulch",1
"2075 N Lyons Creek Rd",1
"2075 Red Crow Rd",1
"2076 Lower Canal Rd",1
"2078 Highline Canal Road",1
"208 Ropp Pond",1
"208 Rusty Spur Wy",1
"2080 N 9 Rd",1
"2088 Stagecoach Road",1
"20884 DY Trail",1
"209 Cormoret Loop",1
"209 E Ravalli St",1
"209 Flynn Lane",1
"2090 11th Ln NE",1
"2096 Hwy 78",1
"2096 Stillwater River Road",1
"21 Antler Ln",1
"21 Broadway Ave",1
"21 Cree Way",1
"21 E Rosebud Rd",1
"21 Golden Lane",1
"21 Heather Lane",1
"21 Kim Curry Rd",3
"21 Oak Drive",1
"21 Richland Trl",1
"21 Ridder Lane",3
"21 Riddler Lane",1
"21 Springcreek Rd",1
"21 Thistle Dr",1
"21 Timberland Way",3
"21 Union Rd",1
"210 Hay Coulee Rd",1
"210 Ridge Trail",1
"210 Ridge Trl",1
"210 Upper Kelly Crk",1
"2100 Center Rd",2
"2100 HWY 200 S",1
"2102 Walter Rd",1
"2109 S Tracy Ave",1
"211 Bainter Rd",1
"211 Bainter rd",1
"211 Burnt Station Rd",2
"211 Lindley Place",1
"211 Meadowood Rd",1
"211 Solomon Mountain Road",1
"211 Spain Bridge Circle Drive",1
"211 Stagecoach",1
"211 Stampmill Rd",1
"211 Upper Rader Cr Rd",1
"2111 Hwy 7",1
"2111 McElfish",1
"2115 Colorado Gulch",1
"2118 Stillwater River Rd",1
"2119 1st St",1
"212 4th St",1
"212 Mission Loop",1
"212 Ponderosa Rd",1
"2123 Caseys Trl",1
"2124 Walter",1
"2124 Walter Rd",1
"2125 Walter Rd",1
"213 1st Ave E",1
"213 Coulee Dr",2
"213 Coulee Drive",1
"213 Stillwater Rd",1
"2130 E Echo Dr",1
"2130 Rainbow Dr.",1
"2131 Magenta Rd",1
"2131 Milwaukee",1
"2132 Main Boulder Rd",1
"2139 Alkali Creek Rd",2
"214 Coulee Drive",2
"214 Road 244",1
"2140 Snowdrift Rd
",1
"2140 W Echo",1
"2142 West Echo",1
"21436 Dry Fork Rd",1
"2145 Hwy 10W",1
"215 Hanover Court",2
"215 Hanover Ct",2
"215 Hilltop Dr",1
"215 Tamphrey Crk",1
"215 Word Ave",1
"2155 North 4th Road",1
"216 A Sawyer Loop",1
"216 Gateway Dr",1
"216 Joe Show Rd W",1
"216 Reed St",1
"216 Rell Street",1
"2165 Head Ln",1
"2169 S 14th Road",1
"217 Adams St",1
"217 Columbus Ave",1
"217 Koch St Apt 304",1
"217 South Fork Rock Creek",1
"217 W Koch St #304",1
"21736 Crooked Creek Rd",1
"2174 Poppy Lane",1
"2176 Crested Wheat Lp",1
"2178 Old US Hwy 2",1
"218 Amazon Rd",2
"218 Arete Road",1
"218 Capricorn",1
"218 Churn Creek Dr",1
"218 So. Central",1
"219 Bainter Rd",1
"219 Gateway Dr",1
"219 Muddy Hollow Lane",1
"219 N Lonesomehurst Rd",1
"219 Sawmill Gulch",1
"2191 Highland Blvd",1
"2191 Highland Blvd
",1
"2195 Sage Ct",1
"22 Bird Divide Rd",2
"22 Boe Ln",1
"22 Bridle Trails Dr",1
"22 Diamondback Rd",1
"22 Glacier Lilly",1
"22 Glacier Lily",7
"22 Glacier Lily Road",1
"22 Soccorro Rd",1
"22 Sunset Dr",1
"22 Sunset Dr Box 442",1
"22 Sunset Drive",1
"22 Tampico Rd N",1
"22 Ulery's Lakes Road",1
"22 Victory Rd",2
"220 E Williams Rd",1
"220 Four Mile Road",1
"2200 Bridger Dr",1
"2200 Bridger Drive",1
"2200 S Shiloh Rd",2
"2200 South Shiloh Rd",1
"2201 3 Ave SW",1
"2201 Baxter Lane",1
"2201 N. 9th Rd.",1
"2204 Sunnyview Ln",2
"2206 Highline Canal Rd",1
"221 Kim Curry Rd",1
"2212 Arrowleaf Hills Dr",1
"2212 Cartersville Rd",1
"2213 York Rd",1
"2218 Nashua Rd N",1
"222 Hay Coulee Rd",1
"222 Morning Glory Ct",2
"2220 S 12th Rd",1
"223 Kestrel Dr",2
"223 Meadowlark Dr",2
"223 Triple Tree Rd",1
"2234 Moon Creek Rd",1
"224 A Countryman Creek Rd",1
"224 Sun Loop Lane",1
"2248 Bear Cyn Rd",1
"2248 Old Hwy 10 W",1
"2248 Old Hwy 10 West",1
"2249 Kelsey Ln",2
"2249 N 8th Rd",1
"225 Coulee Dr",1
"225 South 41 Street West",1
"225 W Denny Creek Rd",5
"225 W Fork Denny Creek Rd",2
"225 West Bunch Rd",1
"225 West Denny Creek Rd",1
"2251 Highline Canal Rd",1
"2251 Rd 7 North",1
"226 1st Street S",1
"226 6th Ave",1
"226 Elk Camp Ln",1
"2262 4th St W",1
"2266 Little Sleeping Child Road",1
"2268 S 16th Rd",1
"2268 US Highway 89",1
"227 E Main St",2
"227 N Whistleberry Rd",1
"2271 3rd St W",1
"2276 Fantasy Rd",1
"228 Elwell",1
"228 Ferral St",1
"2284 S 14th Rd",1
"2285 N 9th Rd",2
"229 Big Timber Canyon Rd",1
"229 Bradley Road",1
"229 Camas Creek Lp",1
"229 E Bovine Ln",1
"2294 Highline Canal Rd",1
"2296 Rd 28 South",1
"23 Bowgun Rd",1
"23 Chisolm Trail",1
"23 Gibbon Rd",1
"23 Hanlon Hill Dr",1
"23 Hwy 16",1
"23 Kurt Allen Ct",1
"23 Makowski Lane",1
"23 Makowski Ln",1
"23 Sleepy Hallow Ln",1
"23 Thistle Dr",1
"23 Weatherford Lane",1
"230 Beehive Basin Ln",1
"230 Beehive Basin Rd",3
"230 Bradley Rd",2
"230 Deep Creek Road",1
"230 East River Rd",1
"230 N Tudor St",1
"230 Paydirt Ln",1
"230 Sky Crest Dr",1
"2300 Blue Sage Dr",1
"2301 Bitterroot Dr",1
"2301 Hamberg Ln",2
"2303 So 15 Rd",1
"2303 South 15 Rd",1
"2304 Frenchman Dam Rd",2
"2308 Durston Rd",1
"231 Lincoln Ln",1
"231 S Hills Rd",1
"231 Slippery Bill Rd",1
"231 Zumbrun Rd",1
"23108 Lovejoy Rd",1
"2314 Kelsey Ln",1
"2315 N 11th Rd",2
"2315 N 9th Rd",1
"2317 Highland Blvd",1
"232 Fletcher Creek Trail",1
"232 Old US Hwy 91",1
"2320 Larkspur Lane",1
"2320 W Babcock",1
"2320 Watts Lane",1
"233 Grove Creek Rd",1
"233 N Cooper Ln",1
"233 Painted Hills Rd",1
"233 Quinn Creek Rd",1
"233 W Denny Creek Rd",1
"233 Whitepine Creek Rd",1
"233 Whitepine Creek Road",1
"2331 Hillner Lane",1
"2333 Stagecoach Trail Rd",1
"2334 Choteau St",1
"2335 Gilman Main St",1
"2338 W M Road",1
"234 21 Mile Road",1
"234 Dracut Hill Rd",1
"234 Fox Ranch Rd",3
"234 Pishkun Rd",1
"2340 Blaine Lane",1
"2340 Butch Cassidy Drive",1
"2345 10th Ln NW",1
"2345 Clarks Point Drive",1
"2349 E Whitewater Rd",1
"2349 So 17th Rd",1
"235 Cougar Dr",1
"235 George town Lake Rd",1
"235 Rapelje Rd",1
"235 Spain Bridge Dr",1
"2350 Wold Rd",3
"2354 Bear Canyon Rd",1
"2355 S 16th Road",1
"2355 Shadow Canyon",1
"2356 N 9 Rd",1
"2358 N 11th Rd",1
"2360 Whitetail Rd",4
"2362 147 Dr",1
"2364 N 9th Rd",1
"237 Evergreen Rd",1
"237 Hilltop Dr",1
"237 Moseman Dr",1
"2370 N 9th Rd",1
"2373 Lower Canal Rd #B",1
"2375 Lower Canal Rd",2
"23750 Kenilworth",1
"2380 Rd 27 South",2
"2380 South 17th Road",1
"2385 Arnica Dr",1
"2387 South 29 Road",1
"239 Madison Ave",2
"2391 N 13th Rd",1
"2394 Fly Creek Road",1
"24 Bascom Ln",2
"24 Kallio Lane",2
"24 Moose Run Rd",1
"24 Old Boulder Road",1
"24 PM Coal Rd",1
"24 Ravin Place",1
"24 Ruby Rd",1
"24 School House Rd",1
"24 Shady Hillside",1
"24 Turnback Trl",1
"24 Wild Rose Loop",1
"24 Willow Crk Trl",1
"240 Hoyt Rd",1
"240 Pridgeon Lane",1
"240 S Bellview",1
"240 Skibstad Rd",1
"240 Ulm NO Frontage Rd",1
"240 W Fork Rd Suite 1
",1
"2405 Derby Drive",1
"2405 Trails End Rd",1
"2409 Rd 555",2
"24090 Content Rd",2
"241 Mill Creek Rd",1
"241 Prairie Dale Rd",2
"2411 Kid Curry Drive",1
"2412 Bluebell Ave",1
"2415 1/2 2nd St S",1
"2415 2nd St S",1
"2415 Highland Blvd",1
"2415 W Towne St",1
"2418 Sunnyview Ln",1
"2419 E Cameron Bridge Rd",1
"2419 East I Rd",1
"2419 N 15th Road
",1
"242 Parsley Rd",1
"2421 East I Rd",1
"2423 East I",1
"2423 East I Rd",1
"2425 Arnica Drive",1
"243 Blodgett Way",1
"243 Katy Ct",1
"2430 North 9th Rd",1
"2430 Prairie Rose Circle",1
"2433 So 20th Rd",1
"244 Schaffer Rd",1
"2440 Heeb Rd",1
"2447 South 17th Road",1
"245 Cartersville Rd",1
"245 Chads Rd",1
"2450 Trailcrest Dr",1
"2453 North 13th Road",2
"2454 N 7 Rd",1
"2464 S 29th Rd",1
"247 Great Escape Rd",1
"2473 Rugby Ct",2
"2477 2nd St",1
"2478 Rd 15 N",1
"2479 2nd St",1
"2479 N 11th Rd",1
"248 Cartwright Way",1
"2480 Valley Dr",1
"2481 S 22nd Rd",1
"2481 So 22nd Rd",1
"2483 S 23rd Rd",1
"2484 8 Mile Rd",1
"249 Linney Spur Rd",1
"249 hay creek Rd",1
"24900 Wallace Creek Rd",1
"2493 4th St",1
"25 Bryce Ln",1
"25 Freeman Lane",1
"25 Honey Run Ln",3
"25 Hunters Ridge",1
"25 Jack Fence Lane",1
"25 Penny Lane",1
"25 River Meadow Lane",1
"25 Rodeo Court",1
"25 Sage Creek Rd",1
"25 Soda Creek Rd",1
"25 Sundog Circle",1
"25 True North Ranch Road",1
"25 True North Rd",1
"25 Winter Past Lane",1
"25 Winterpass Ln",1
"250 Dailey Rd",1
"250 Eagle Watch Trl",1
"250 Fishing Ln",1
"2500 South 21",1
"25028 MT Henry St",1
"2503 South 25th Rd",1
"2504 N 12th Rd",1
"2505 66th St W",1
"2507 Turkey Red Ln",1
"251 Hilltop Dr",1
"251 Soda Creek Rd",1
"2514 Great Blue Way",1
"2519 Fairmont Cir.",1
"252 Harmony Lane",1
"252 Little Bear Rd W",2
"2522 W Babcock",1
"2524 Orchard Drive",1
"2525 Arnica Dr",2
"2527 Dry Fork Rd",1
"253 Bayd Cooney Dame Road",1
"253 Roosevelt Ln",2
"2530 W Babcock",1
"2531 Mary St",1
"2532 N Lodge Pole Rd",1
"2537 West M Rd",1
"254 Cottonwood Creek Rd",1
"254 Pine Unit Rd",1
"254 Trophy Bull Dr",1
"254 Tyra Lea Lane",1
"2543 Gateway S Rd",1
"2545 S 20th Rd",1
"2545 S 24th Rd",1
"255 County Road 620",1
"255 Franich Ln",1
"255 Gerer Ln",1
"255 Pelican Lane",1
"2550 South Road 25",1
"2554 Rd #14 N",1
"2554 n 12th Road",1
"2555 Rd 9 N
",1
"256 Montaqua Rd",1
"2565 West Old Road",1
"257 EZE St",1
"257 Painted Hills Rd",2
"257 Work Creek Road",1
"258 Baxter Ln E",1
"258 Blue Roan Lane",1
"258 Down The Lane",1
"2581 Butch Casidy Dr",1
"2582 W Cameron Bridge Rd",1
"2585 N 12th Road",1
"2588 Hearthside Ct
",1
"258A Howie Rd",1
"259 Bowman Rd",1
"259 Little Porcupine Creek Rd",1
"259 Middle Rd",1
"2591 Magenta Rd",7
"2591 magenta Rd",1
"26 Bench Rd",2
"26 Bridlewood Dr",1
"26 Burnt Tree Lane",1
"26 Lone Tree Rd",4
"26 Palisade Basin Dr 1246",1
"26 Rock Cr Cir",1
"26 Rolling Glen Loop",1
"26 Sugar Beet Rd",1
"260 Number 4 Road",1
"2600 Hummingbird Way",2
"2601 26th St. S.",1
"2601 Highway 312",1
"2601 N Montana Ave",1
"2605 Blackwood Rd",1
"2605 Red and King Gulch Rd",1
"2605 Shadow Wood Trail",1
"2608 Reardon Rd",2
"261 Ghost Canyon Ct",2
"2617 S. 23rd Road",1
"262 Liberty Dr",1
"262 Snake Trail",1
"2620 Sagespring Cricle",1
"2623 N 13th Rd",1
"2623 Tea Rd",2
"2625 N 14 Rd",1
"2626 N 13th Rd",1
"2626 N 21st Rd",1
"2628 Rocky Mountain Rd",1
"2628 Seneca Trail",1
"2629 Buffalo Horn Drive",1
"263 Lower Valley Rd",1
"263 N Stillwater Rd",1
"263 Whitepine Creek Rd",1
"2630 North Ramshorn Dr",1
"2635 Hwy 191 N",1
"2635 Hwy 191 North",2
"264 21 Mile Rd",1
"264 E Hodgeman Rd",1
"264 Rd 407",2
"265 Bobcat Angus Loop",2
"265 Boxcar Rd",1
"2651 Rd 16 N",1
"2651 Rd 16th N",1
"2654 Sheepshank Dr",1
"266 Trapper Meadow Rd",1
"2660 Us Hwy 87 S",1
"2661 Magenta Rd",1
"2665 N 18th Rd",1
"267 Little Porcupine Creek Rd",1
"2670 Deer Creek Dr",1
"2675 Stillman Rd",1
"2682 Meridaian Rd",1
"2682 Meridan",1
"2682 Meridian",1
"2682 Meridian Rd",1
"2682 Meridian Rd
",1
"2683 MT Hwy 24",1
"2686 North 16th Road",1
"2695 Wheatgrass Road",1
"27 Beartooth Ranch Rd",1
"27 Elbow Creek Rd",1
"27 Fiddler Creek Rd",1
"27 Gardner Park Dr",2
"27 Grand View Dr",1
"27 Jones Ln",1
"27 Mahonia Rd",1
"27 Mystic View Rd",1
"27 N Dutch Lane",1
"27 N Dutch Ln",1
"27 Railway",1
"27 Stekar Lane",1
"27 W Fork Draw",1
"27 W Rim Drive",1
"27 Wagon Wheel Rd",2
"270 Hwy 16",1
"270 Little Valley Rd",2
"270 Main",1
"2700 Alexander Road",1
"2702 N 18th Rd",1
"2705 Blue Creek Road",1
"2706 Red and King Gulch",1
"2706 S 28th Rd",1
"2706 S 28th Road",1
"271 Golden Trout Way",1
"271 Ismay Mail Rd",1
"271 Rd 6 EH",3
"271 Rd 6EH",1
"2719 N 21st Rd",2
"272 Appleberry Ln",1
"2720 Minnesota Ave",5
"2720 Winslow Ave",1
"2722 N 17",1
"2728 Craig River Rd",2
"273 Black Lane",2
"273 Cut Across Rd",1
"273 Doran Ln",1
"273 Dutch Hill Rd",1
"273 Flynn Lane",2
"273 Flynn Ln",2
"2730 Winslow Ave",1
"2731 Houndcreek Rd",1
"2731 Hwy 91",3
"2732 Uphill Dr",1
"2737 Upper Canal Road",1
"274 XIT Rd",1
"2740 Hummingbird Way",1
"2744 Doss Lane",1
"2745 W Holly St",1
"2747 Howard Rd
",1
"2749 Home Acres Rd",1
"275 Goffena Rd",1
"275 Preserve St",1
"275 W Denny Creek Rd",1
"275 YBR DR",1
"275 YBR Dr",1
"2750 Cass Lane",1
"2750 W Nibbe St",1
"2755 Iroquois Trail",1
"2756 E Nibbe St",1
"2758 US Hwy 312",1
"276 Packsaddle Road",1
"2761 W Nibbe",1
"277 Pistol Rd",1
"277 Stillwater Loop",1
"2771 Dear Creek Dr",1
"2774 N 23rd Rd",1
"278 Holland Ln",1
"278 Monies Ln",1
"2788 N 13th Rd",2
"2789 N 16th Road",1
"279 Ashuelot Hill Rd",1
"279 Squaw Creek Rd",1
"28 Border Lane",1
"28 Klister Ln",1
"28 Mystic View Rd",1
"28 Shane Ridge Rd",2
"28 W Stagecoach Spur",1
"28 Windy Meadow Drive",1
"280 Blue Moon Road",1
"280 Great View Ln",1
"280 Hyalite View Dr",1
"2800 Frontage Rd",1
"2803 East I Road",1
"2803 Hwy 78",1
"2806 Prairie Drive",1
"2808 Hannon Rd",1
"2809 Limestone Canyon Rd",3
"2809 Limestone Canyon Road",1
"2809 Limstone Canyon Road",1
"2809 York Rd",1
"281 22nd Rd NW",1
"2811 Big Horn Ave",1
"2811 S 35th Rd",1
"2813 Brookway Drive",2
"2815 E Fork Rd",1
"2815 Mollenberg Rd",1
"282 Beckstrom Rd",1
"2823 S 35th Rd",1
"283 Buckhorn Trail",1
"283 Maygrade Road",1
"283 Rifle Road",2
"2831 S 35th St",1
"28355 Gallatin Rd",3
"2837 S 64th St West",1
"2837 S Ramshorn Drive",1
"284 Barrett St
, PO Box 173120",1
"284 S Sapphire St",1
"2842 McIntyre Rd",1
"2844 Highway 87 E",1
"2847 Old Highway 10",1
"2849 Old Hwy 10",1
"285 School House Rd",1
"2850 Bear Canyon Rd",1
"2850 N. Lyons Creek Rd",1
"2855 N 19th Rd",1
"2856 North 16th Road",1
"2863 Beaver Creek Rd",1
"287 Dudley Rd",1
"287 Grand St",1
"287 Horse Creek Road North",1
"287 Ohana Ct",1
"287 Shining Mountain Loop Rd",1
"287 Sir Arthur Drive",1
"2870 N 14th Rd",1
"2873 Caribou Ln",1
"2875 Baxter Lane",1
"2875 Tumbleweed Dr",1
"2879 Soft Rock Rd",2
"2885 No 17th Rd",1
"289 Blind Draw Rd",1
"289 Squaw Cr Rd",1
"2895 Outlaw Drive",1
"2895 Outlaw Lane",3
"2895 Outlaw Ln",5
"29 Crossfire Dr.",1
"29 Kim Curry Rd",1
"29 TIger Gulch",1
"29 Talcott Rd",2
"290 Dudley Rd",2
"290 Low Bench Rd",1
"290 Mockingbird Dr",1
"290 W Butte",1
"290 W Butte Lane",1
"2900 Aspenway Dr",1
"2900 Spain Bridge Rd",1
"2901 Denton Cutoff",1
"2901 Rd 18 N.",1
"2906 Lower Canal Rd",1
"2909 Canyon Ridge Dr.",1
"291 Golf Course Rd",1
"2919 Country Club Ave",1
"2919 East I Road",1
"2920 Red and King Gulch",1
"2920 Wise Ln",1
"2925 Logan Trident Rd",1
"2929 53 St SW",1
"2935 N Fork Road",1
"2935 York Rd",1
"2939 Heeb Rd",1
"2943 Hammond Rd",1
"2945 Tharpe Rd",1
"2945 Thorpe Rd",1
"295 Bannock Trail",1
"2950 Harper Puckett Rd",2
"2950 Spokane Cr Rd",2
"2950 Spokane Creek Rd",1
"2954 Hitchcock Rd",1
"2955 Highway 10",1
"296 Explorer Way",1
"2964 Soft Rock Rd",1
"2965 Savoy Rd",1
"2970 E I Road",1
"2973 Aspenway Drive",1
"2979 Anderson Cutacross Rd",1
"298 Scenic Dr",1
"2990 Sun Praire Rd",1
"3 Aspen Ln",1
"3 Bates Ln",2
"3 Beartooth Ct",1
"3 Beehive Ln",1
"3 Gage Rd",1
"3 Liza Lane",2
"3 Miles N of Musselshell on 4 Mile Rd",1
"3 Miles South of Grass Range",1
"3 Mule Deer Circle",1
"3 Mule Deer Cr",1
"3 Penstemon Ln",1
"3 Sioux Trl",1
"3 Snowberry Ln",1
"3 Trails End Rd",3
"30 Borderline Rd",1
"30 Buckskin RD",1
"30 Buckskin Rd",1
"30 Cedar Dr",1
"30 Countyman Creek Road",1
"30 Hidden Springs",1
"30 Jack Creek Rd",1
"30 Juby Hill Ln",1
"30 Loring Rd",1
"30 Meadow Lark Lane",1
"30 Neil Valley Rd",2
"30 Niel Valley Road",1
"30 Pine Trail",1
"30 Schendel Road",1
"30 Stock Drive Trail",1
"300 Coffee Crk",1
"300 Cougar Drive",1
"300 Flint Creek",1
"300 South Big Elk Meadow Rd",2
"300 Wessley Way",1
"3001 US Hwy 312",1
"3002 Sugar Loaf Mtn Rd",1
"3009 McBride St",2
"301 Divide Rd",1
"301 Dovetail Lane",1
"301 Grantsdale Rd",1
"301 Olmstead Ln",1
"301 Pelzman Rd",1
"301 S Broadway",1
"3012 Candy Ln",1
"3013 Highway 78",1
"30130 Turner Rd",1
"3017 Candy Lane",1
"302 Big Hill Rd",1
"302 Bis Hill Rd",1
"302 Kermodi St",1
"3022 Prairie Dr",1
"3026 Jitney Rd",1
"3027 Candy Lane",1
"303 7th St",1
"303 Lower Elbow Creek Rd",1
"3030 Brooking Drive",1
"3030 Grizzly Trail",1
"3030 Mack Smith Ln",1
"3031 Allison Lane",1
"3032 Canary Rd",1
"3032 Candy Lane",1
"304 Rd 633",1
"304 W Arrow Creek Rd",1
"304 Western Dr",1
"3040 Amsterdam",1
"3040 Moser Dome Rd",3
"30404 Cr 106",1
"3045 Sourdough Rd",1
"30467 CR 149",1
"305 1st St SE",1
"305 Kennedy Ave",1
"305 Westview Ct",1
"3051 Ridge Rd",1
"3055 Red and King Gulch Rd",1
"3057 W Shore Dr",1
"306 11th Ave SW",1
"306 3rd St SE",1
"306 4th St",1
"306 Glenbrook Lane",1
"306 Ponderosa",1
"306 Tongue River Rd",1
"3060 Mack Smith Ln",1
"3060 Prairie Smoke",2
"3060 Prairie Smoke Rd",1
"3060 Winnett Road",1
"30603 Stage Rd",2
"3062 Sour Dough Rd",1
"307 Jeffers Rd",10
"307 Jeffers Road",1
"307 Main",1
"307 N 3rd St",1
"307 Towne Av",1
"3070 Hwy 310",1
"3073 Moser Dome Rd",1
"308 Gold Ct",1
"3086 Moore Court",1
"3089 West Shore Dr",1
"309 4th Ave SW",1
"309 Clear Creek Rd",1
"309 Elk Park Rte",1
"309 McDonald Ave S 312",1
"3091 Magenta Rd",1
"3095 Sourdough Rd",2
"31 Beartooth Dr W",1
"31 Gardner Pk Dr",1
"31 Joslen Drive",1
"31 Kersey Lake Rd",1
"31 Lazy T Ln",1
"31 Missouri View Loop",6
"31 Missouri View Lp",2
"31 Moosehaven Loop",1
"31 Paradise Vista",1
"31 Pleva Rd",1
"31 Plevna Rd",3
"310 3rd St SE",1
"310 South Clark St",1
"3100 S Park City Rd",1
"3100 Weaver Road",1
"3108 Stone St",1
"311 E Broadway St",1
"311 St Philip Rd",1
"3110 Regina W Road",1
"3111 Old Shelby Rd",1
"31138 Hwy 201",1
"3117 Sourdough Rd",1
"312 Blackfoot Cut Off",1
"312 McDonald Ave",1
"312 Windy Pass Trail",2
"3120 Wagon Wheel Rd",1
"3120 West Cameron Dr",1
"3120 Wild Bunch Dr",2
"3120 Wildbunch Dr",1
"3125 Buttercup Ln",1
"3125 Grizzly Trl",1
"313 1st St SW",1
"313 S Clark St",1
"313 S Custer Ave",1
"3133 Nahua Rd N",1
"3133 Nashua Rd N",4
"3139 Valier Dupuyer Rd",1
"314 Lake Drive",1
"3140 Baldy Dr",1
"315 21st Ave S",1
"315 Main Street",1
"3150 W Cameron Br Rd",1
"31500 Rocky Shores Lane",1
"316 Sego Ridge Ln",1
"3165 Miranda Dr",1
"3165 US Highway 212 S",1
"317 Dracut Hill Road",1
"317 S Anderson",1
"3172 Crossed Arrows Rd",1
"3175 White Drive",1
"3181 East River Road",1
"3181 Four Season Dr",1
"3182 Moose Co",1
"3185 Jackson Cr Rd",1
"3185 Jackson Creek Rd",2
"3185 Wise Ln",1
"319 S Clark St",1
"3190 Shooting Star Ln",1
"32 Annette Park Dr",2
"32 Beartooth Drive West",1
"32 Cottonwood Way",1
"32 Fern Hollow Dr",1
"32 Found Horse Trail",1
"32 Gardner Park Dr",1
"32 Heelers Drive",1
"32 Ken Dan",1
"32 Natures Way",1
"320 Cemetery Road",1
"320 Eagle Feather Ln",1
"320 Grantsdale Rd",1
"320 N Low Bench Rd",1
"3200 US Hwy 93 N",1
"3203 Candy Ln",1
"3203 Westridge Road",1
"3205 Wheatland Dr",1
"3208 Brookway Dr",1
"3208 Harness Loop",1
"321 3rd Lane NE",1
"321 Dawson Trail Rd",1
"3210 Parkhill",1
"32146 Slocum Ln (Potomac)",1
"3215 Dover Lane",1
"3215 Wise Ln",6
"3216 Homer Davis",1
"3220 Hidalgo Ct",1
"3220 Nancy Rd",1
"3220 Terrace Ave",1
"3223 Durston Rd",1
"3223 River Road",2
"3224 Wise Ln",1
"323 Shifley Rd",1
"323 W Jefferson St",1
"3235 Evening Star Rd",1
"324 Dehy Rd",1
"324 Glasgow Rd",1
"3246 Nashua Rd N",1
"325 N Low Bench Rd",1
"325 Wyant Lane",1
"3250 Hwy 310",1
"3251 11th Ln NW",1
"3255 Castle Butte Rd",1
"326 NE Blvd",1
"3260 Canyon View Dr",1
"3264 Belgian Hill Rd",1
"327 Brothers Wy",1
"327 S Bear Creek Rd",1
"3271 Bozeman Trail Rd",2
"3276 Nashua Rd N",1
"3277 Old Darby Rd",1
"32786 Frontage Rd",1
"3280 Heeb Rd",1
"3280 Stagecoach Trail Rd",1
"3283 MT Hwy 541",2
"32848 Jocko Rd",1
"329 Clear Creek Road",1
"329 S Bench Rd",1
"329 S River Rd",2
"32969 Emily Lane",1
"32969 Emily Ln",1
"32981 Two Creek Lane",1
"33 Clancy Creek Rd",2
"33 Clancy Creek Road",1
"33 Cox Ln",1
"33 Crazy Bear Trail",2
"33 Five Mile Coulee Ln",1
"33 Hillcrest Dr",1
"33 Hwy 16 Lot 232",1
"33 Milligan Canyon Rd",1
"33 Palomino Trail",1
"33 Sowden Ln",1
"330 East Bench Road",1
"330 Trihill Frontage Rd",1
"330 Weathered Rd",1
"3300 Nelson Rd",1
"3300 Sundance Dr",4
"3300 Sundance Drive",1
"3303 Dundance Dr",1
"3303 Seitz-Ronan Road",1
"3303 Sundance Dr",1
"3303 Wagonwheel Rd",1
"33042 County Rd 122",1
"3306 Wagonwheel Rd",1
"33065 Hwy 87 S",1
"331 Allen Rd",1
"331 Holland Ln",1
"3312 Arabian Road",1
"33140 CR 117",1
"3315 Stucky Road",1
"3315 Tilly Ct",1
"3315 Wes Davis Rd",1
"3318 Sundance Dr",3
"332 Hyalite View Dr",1
"33235 Emory Rd",1
"3324 Sundance Dr",5
"3324 Sundane Dr",1
"3328 Glenn Edward Rd",1
"333 Big Griz Ln",1
"333 Cahill Road",1
"333 Jeffers Rd",1
"333 No River Rd",1
"333 Pine Hollow Rd",1
"333 Stuckey Rd",1
"333 West Lake Blvd",1
"3330 Lonesome Loop",1
"3332 Aqui Esta Dr",2
"3333 2nd Ave N Suite 100",2
"3333 Gateway S Rd",2
"3335 Old Hwy 10",1
"3335 Old Hy 10 Rd",1
"3336 Baldy Dr",1
"3341 Lanning Road
",1
"3348 Limestone Canyon Rd",1
"3349 North Custer Frontage Rd",1
"335 Chance Rd",2
"3351 Tranquility Dr",2
"336 Montana Way",1
"336 Westhills Way",1
"3360 Sun Canyon Rd",1
"3362 Tizer Drive",1
"3367 Wylie Dr",1
"33686 Emory Rd",1
"33690 Emory Rd",1
"337 Sacajawea Peak Dr",1
"33720 Jims Dr",1
"338 Black Acres Rd",2
"338 Pine Ave",2
"3385 Springhill Road",1
"339 Marshall Ln",1
"3393 Valier Dupuyer RD",1
"33993 County Rd 146",1
"34 Cokedale Rd",2
"34 Gabrian Rd",1
"34 Gilje Ln",1
"34 Mountain Springs Lane",1
"34 Mountain Springs Ln",2
"34 Muledeer Trail",1
"34 N Stillwater Rd",2
"34 Rocky Point Rd",1
"34 Walking Horse",1
"34 Walking Horse Way",2
"340 Deer Path",1
"340 Eagle Feather Ln",2
"340 Harper Coulee Rd",5
"340 Sundance Bench Rd",1
"3400 Tizer Dr",1
"3402 US Hwy 87 S",1
"3403 Cooney Dr",1
"3403 Cooneyy Dr",1
"3408 Wagon Wheel Rd",2
"341 Winstons Way",1
"3415 Blue Creek Rd",1
"3416 Wagon Wheel Rd",1
"342 E Boulder Rd",1
"342 North Montana",1
"342 S Reason Rd",1
"3422 Lake Park Trail",1
"34268 US Hwy 2",1
"344 Frost Ln",1
"3440 Canyon Ferry Rd",1
"3450 Blackfoot Valley Ranch Rd",1
"3450 Netta Drive",1
"3450 Rockford Rd",1
"3452 McGirl Rd",1
"34539 County Rd 128",1
"3454 Balsam Dr",1
"34560 CR 122",2
"34590 Dupuis Rd",1
"346 Coulee Dr",1
"346 Frost Lane",1
"346 Frost Ln",1
"346 Two Mile Bridge Rd",1
"3460 Timber Loop",1
"34613 Canyon Mill Rd",1
"34636 Regina Rd",1
"34636 Regina Road",1
"347 Pardue Rd",1
"3472 159th Ave NW",1
"34738 Highway 87 West",1
"34738 Hwy 87 W",1
"3475 S B Rd",1
"3475 Tumbleweed DR",1
"34755 Canyon Mill Rd",1
"34765 Cr 119",1
"34787 County Rd 134",1
"3481 4th St South",1
"34841 Lemery Rd",1
"3485 Last Chance Rd",1
"3485 Last Chance Road",1
"34923 CR 126",1
"34942 County Road 126",1
"34942 Hwy 23",1
"34959 County Road 131",1
"34960 CR 131",1
"35 Ambush Rd",1
"35 Dell Rd",1
"35 Liverpool Rd",1
"35 Sky Line Drive",1
"35 Skyline Drive",2
"350 Carroll St W",1
"350 Cookabout Ln",1
"350 Heidner Lane",1
"350 Lookabout Lane",3
"350 Lookabout Ln",4
"350 N First Ave",1
"3505 Woodridge Trail",1
"351 Lovers Ln",1
"351 Moorhead Rd",2
"351 Storrs Rd",2
"3512 Stower St",1
"3515 Minnesota Ave",1
"35163 CR118P",1
"35175 CR 125",1
"35217 Mud Lake Trail",1
"35240 CR 126",1
"35244 County Rd 126",1
"353 Horseshoe Gulch Rd",1
"353 Hwy 312",1
"353 Old Hays Road",1
"3535 Applebee Court",1
"3535 N Seven Mile Rd",1
"3535 Wildfire Rd",1
"35362 County Rd 129",1
"354 Heaps St",1
"3540 Magenta Rd",1
"3547 Pioneer Rd",4
"355 Washingotn St",1
"3550 Moser Dome Rd",1
"35506 Hwy 201",1
"3552 E Lakeshore Dr",1
"35538 Timberlane Rd",1
"3554 Summerfield Circle",1
"3556 Bear Canyon Rd",1
"356 Cottonwood Rd",1
"356 Kermodi St",1
"3565 Juniper Dr",1
"357 Big Griz Ln",1
"357 Flatwillow",1
"357 Pryor Mtn Rd",1
"358 Little Porcupine Creek Rd",1
"3586 Bear Canyon Rd",1
"3586 US HWY 87 South",1
"359 Rye Way",1
"3590 Bridger Canyon Rd",1
"3597 Hwy 284",1
"35A Ken Dan",1
"36 Aspen Hollow Lane",1
"36 Aspen Hollow Ln",1
"36 Bird Divide Rd",1
"36 Collins Ln",1
"36 Olliffe Lane South",1
"36 Rd 513",1
"36 Stanley Creek Rd",1
"360 Craig Main St",1
"360 Evening Star Ln",1
"360 Rain Shadow Ln",1
"360 Seright Rd",1
"360 W River Rd",4
"3600 Thorpe Rd",2
"3602 Bills Loop S Rd",1
"3607 Bucksnort Dr",1
"3609 McDougall Dr 3",1
"361 Shell Oil Rd",1
"3610 E Shore Dr",1
"3612 Rainbow Dr",1
"3615 US Highway 93",1
"3625 #3 McDougall",1
"3625 Drury Lane",1
"3626 #11 McDougall",1
"3626 #3 McDougall",1
"363 Dunmore Rd",1
"3630 Custer Ave",1
"3630 Harmony Rd",1
"3630 Lilly Rd",1
"3634 Bengston",1
"3640 Longview Wy",1
"3641 McDougall",1
"3642 McDougall",1
"36448 Olsen Rd",1
"3648 Hwy 78",1
"365 Mesa Street  PO Box 173120",1
"365 S Mesa St",2
"36500 Haack Rd",1
"3654 Highway 12 E",1
"3668 Strandberg Dr",1
"367 Stevensville Airport Rd",1
"3675 Meadowlark Dr",1
"3677 Johnson Rd",2
"3680 Stony Brook Lane",1
"3680 Stony Brook Ln",1
"3682 Casino Creek Rd",3
"369 Erie Lane",1
"37 Ambush Road",1
"37 Bridger Meadow Ln",1
"37 Greycliff Ln",1
"37 N Centurion Way",1
"37 Rockvale Rd",1
"37 Skytop Rd",1
"370 Golf Course Rd",1
"370 Lane 7 1/2",1
"370 Ln 742",1
"370 Upper Lynch Crk Rd",2
"3702 Hwy 244",1
"3704 Retreat Drive",1
"371 6th Ave",1
"371 Bench rd",1
"371 Stampmill Lane",1
"3711 Hwy 87 E",1
"3712 Heather Dr.",1
"3714 South 64th Street West",1
"372 Hwy 261",1
"373 Rd 2",1
"373 Sir Arthur Dr",1
"373 Sir Arthur Drive",1
"3731 Sparrow Dr",1
"3745 Duck Club Road",1
"375 Lost Horse Rd",1
"375 Shane Creek Rd",1
"375 Tanager Way
",1
"3754 Sparrow Dr",1
"3755 Juniper Dr",2
"376 Lane 9",2
"376 Montaqua Rd",1
"377 Lustre Rd",1
"377 Middle Skunk Creek Rd",1
"377 Shell Oil Rd",1
"3770 Lehigh Rd",2
"3777 Eastside Hwy",1
"3788 Pirate PT Rd",1
"3789 Highway 251",1
"379 Fairgrounds Road",1
"3797 Churchhill Ln",1
"38 Fox Rd",2
"38 Moorhead Rd",2
"38 Old Alhambra Lane",1
"38 Ptarmigan Dr",1
"38 Skyline Dr",1
"38 Skyline Rd",1
"380 Hwy 323",1
"3801 Spring Creek Rd",2
"3803 Coulson Rd",1
"3803 Pheasant Rd",1
"3805 S 56th St W",1
"381 Broadview Rd",1
"381 Joliet Rd",1
"3810 Canal Road",1
"382 Howie Rd",1
"382 River Bend Dr",1
"3823 Stonewall Creek Rd",1
"3825 Birdseye Rd",3
"383 Rifle Rd",1
"3830 Boylan Dr",1
"3830 Duck Creek Rd",2
"3839 Bitterroot Dr",1
"3839 Hwy 87 S",1
"384 Grand St",1
"3848 US Hwy 12 East",1
"38484 Duck Rd",1
"3849 Mallard Dr",1
"3849 Monarch Rd",1
"385 Tamphery Creek Rd",1
"385 West Sierra Rd",1
"385 Winkler Ln",1
"386 Bench Rd",1
"386 N Mills Rd",1
"3863 Weaver Rd",1
"387 S Boulder Rd",1
"387 Shane Ridge Rd",5
"387 Shane Ridge Road",1
"3870 Wildfowl Ln",1
"3872 Lynch Coulee Rd",1
"38727 Songer Rd",1
"388 Derek Way",2
"3887 Linney Road",1
"3888 Clarkston Rd",2
"389 Starling Dr",12
"389 Trail Creek",1
"389 Woodley Ln",1
"3890 Boylan Dr
",1
"3894 Bison Dr",1
"39 Crossfire Dr",1
"39 East Fork Mill Creek",1
"39 McCormick Rd",1
"390 Low Bench Rd",1
"3901 Barry",1
"3905 Third Ave S",1
"3916 Barrett Road",1
"3917 Temple Pl",1
"392 Harris Rd",1
"392 shed horn lane",1
"3927 Romunstad Rd",1
"39350 Content Road",1
"3952 Rosebud Creek Rd",3
"3959 Airport Rd",1
"3965 Fawn Meadow Dr",1
"397 Lane 13",1
"397 Mountainview Rd",1
"3970 Buoy Blvd",1
"3972 Sage Creek Rd",1
"398 Eagle Lane",1
"398 Wodrich Road",1
"3980 McHugh Ln",1
"3980 Stucky Rd",1
"399 Flynn Ln",1
"399 Hughes Bay Road",1
"399 Wormser Loop Road",1
"3996 Anglers Lane",1
"3996 Anglers Ln",3
"4 Beyond Yellowstone Trl",1
"4 Black Moose Rd",1
"4 Doe Mountain Court",1
"4 Doe Mountain Ct",1
"4 Gage Rd",1
"4 Ginger Quill Ct",1
"4 Grace Lane",1
"4 Neely Lane North",5
"4 Neely Ln N",1
"4 Raymond Ln",1
"4 Sphinx Dr",1
"4 View Lane",1
"4 Wheel Dr",2
"4 Whitebird Cr Rd",2
"4 mi W US89 Two Medicine Canal Rd",1
"40 Berg Rd",1
"40 Boyd Cooney Dam Rd",1
"40 Boyes Road",1
"40 Haven Ln",1
"40 Horsethief",1
"40 Horsethief Crk Rd",1
"40 Horsethief Rd",1
"40 Horsethief Road",1
"40 Ousel Falls View Rd",1
"40 Star View Dr",1
"40 Wall St Rd",1
"40 Wapiti Ridge",1
"40 Wild Rose Loop",1
"40 XL Lane",1
"400 Boyd Cooney Dam Rd",1
"400 E Madison Ave",1
"400 Kim Curry Rd",2
"400 Old Scobey Rd",2
"400 Ponderosa Avenue",1
"400 Spirit Mtn Rd",1
"400 W Laundre Ave",2
"40000 Nine Mile Prairie Rd",1
"4001 Fox Hollow Dr, 4015 Fox Hollow Dr",1
"4002 Barrett Road",1
"401 Green St
, PO Box 173120",1
"401 Labrador Trl",1
"401 Ponderosa Ave",1
"401 Washington",2
"402 Persian Cutoff Rd",1
"402 Petroleum Dr #5",1
"402 S 31st St",1
"402 True Ax Rd",1
"402 Washington Ave",2
"403 road 512",1
"4041 Sage Creek Rd",1
"4043 Wilkinson Ln",1
"405 Popham Ln",1
"405 Salmon Ave",1
"4050 Hwy 1",1
"4052 Rotten Grass Creek Rd",1
"4059 Emerald Dr",1
"406 Central Ave",1
"406 Chief Joeseph Trail",1
"406 Roaring Loin Rd",1
"4069 Linney Rd",3
"4070 Sawmill Rd",1
"407A Rapelje Hwy",1
"4081 Eastside Hwy",1
"40837 Judith Landing Rd",1
"4089 Sales Rd",1
"409 Broadway St",1
"409 Morning Mist Rd",1
"409 S Towne Ave",1
"409 Towne Ave",1
"41 4th Lane NW",1
"41 4th Ln NW",2
"41 Eagle Point Lane",1
"41 Eagle Point Ln",1
"41 Graham Rd",1
"41 Lower Deer Cr",1
"41 Monahan Rd",1
"41 Ponderosa Ln",1
"41 Red Lodge Creek Rd",1
"41 Red Lodge Creek Road",1
"410 Cartersville Road",1
"410 N Willson",1
"410 Quast Ln",1
"410 S Washington",1
"410 Washinton Ave",1
"4105 Fox Hollow Rd",1
"411 Wyant Coulee Rd",1
"41119 Melita Dr",1
"412 Big Hill Rd",3
"412 Mill Creek Rd",1
"4127 Lombardy Dr",2
"4128 Sawtelle Peak Rd",1
"413 Hodges Rd",2
"413 Stubbs Lane",1
"4135 Pine Cove Rd",2
"4136 Fox Ridge Dr",1
"4137 Buffalo Trail Road",1
"41398 Flathead View",1
"414 Tri Hill Frontage Road",1
"414 Trihill Frontage Road",1
"4140 S 3rd Rd",1
"41426 Dogwood Ln",1
"415 1st St SW",1
"415 Hayts",1
"4151 Hwy 91 S",1
"4159 US 87 S",1
"416  Sapphire Ct",1
"416 S 5th St",1
"416 Sapphire Ct",1
"4163 McMullen Rd",1
"4164 Swedes Sq",1
"4165 Carrigan Ln",1
"4165 Stagecoach Tr Rd",1
"4165 Stagecoach Trail",1
"417 E Bench Rd",1
"417 Lewis Ave",1
"417 Skyridge Dr",1
"41700 Addy Lane",1
"4174 Stimson Ln",1
"4175 Hwy 47",1
"4186 Stimson Lane",2
"42 Flatt Ranch Rd",1
"42 Lady Bug Lane",1
"42 Montana Rd",1
"42 Mt Rd",1
"42 Rye Grass Ln W",1
"42 Sam Leo Rd",1
"42 Seven Mile Dr",1
"42 Stene Lane",1
"42 Yerger Rd",1
"42 montana Rd",1
"420 Idaho Ave",2
"420 Meadowlark Dr",1
"420 Ponderosa Drive",1
"420 Sharp Trail Lane",2
"4200 Trail Creek Rd",1
"4204 Illinois Bench Rd",1
"4205 Fenton Ave",1
"42050 US Hwy 2",1
"421 W Holly",1
"4212 Stimson Lane",1
"4212 Stimson Ln",1
"4216 Autumn Ln",1
"4216 Clint Road",1
"4221 Bear Gulch Rd",2
"4223 Wilkenson Lane",1
"4223 Wilkinson Lane",1
"42266 N Foothills Dr",1
"4227 Swedes Square",1
"424 Cutoff Road",1
"424 Elaines Way",1
"424 Heron Dr",1
"424 N Kootenai Creek Rd",1
"425 Derek Way",1
"425 Ryan",1
"425 Ryan Dr",2
"425 Ryan Drive",1
"4250 Desterle Dr",1
"4250 Halberg Dr",1
"4250 Helberg Dr",1
"42520 Gallatin Rd",4
"42530 Gallatin Rd",4
"42530 Gallatin Road",1
"426 North Avenue",1
"426 Road 261",1
"427 Hayes Creek Rd",1
"428 Pine Needle Rd",1
"4281 Andronika Lane",1
"4290 N Montana Ave",1
"43 Beartooth View Drive",1
"43 Circle S Lane",1
"43 E Mortimer Gulch Rd",1
"43 Fox Farm Rd",1
"43 Upper Reservoir Ln",1
"4301 Clint Rd",1
"4305 Buffalo Trl",1
"4308 14th Ave S",1
"431 Lekvold Rd",1
"4313 Paso Fino Ln",1
"4313 Zephyr Lane",1
"4315 Lone Eagle Dr",1
"4318 HWY 7",1
"4318 Hwy 7",2
"4318 Hwy 7 North",1
"4318 Leighton Blvd",1
"432 N 9th Ave",1
"4321 FAS 254",1
"4329 Saint John Rd",1
"433 Saddle Peak Circle",1
"4335 Deal Ln",1
"4338 S 72nd St West",1
"434 3rd Ave N",1
"4343 MT Highway 35",1
"4349 Rio Road",1
"435 Jorgy Way",1
"4350 US Hwy 191 N",1
"435005 Hwy 191 N",1
"4355 Wells Pl",2
"436 Luhn Lane",1
"4360 Moser Dome Rd",1
"43630 Pioneer Ln",1
"437 Moice Ln",1
"4370 Richman Rd",1
"4371 Highway 78",1
"4375 Hwy 87 S",1
"438 Antelope Rd",2
"439 Dalta Lane",1
"4391 Fox View Loop",2
"4391 Fox View Loop
",1
"44 Bliss Rd",1
"44 Chester Lane",1
"44 Heart Butte Cutoff",2
"44 Ragen Pl",1
"44 Rimrock Dr",1
"44 Ruby Rock Dr",1
"44 Stene Rd",1
"44 Winchester Rd",1
"440 Lower Rainbow Rd",1
"440 South Meadow Creek",1
"440 Sunday Lane",1
"4408 Ruby Court",1
"4409 Ruby Ct",1
"441 Snowshoe Ln",1
"4410 St John Road",1
"442 N Gold Creek Lp",1
"4425 Fox View Lp",1
"4427 Ruby Ct",1
"4430 River Rd",1
"4432 Jackson Crk",1
"4437 Emerald Ridge Loop",1
"444 Lane 8H",1
"4440 Denton Gulch Rd",2
"4448 Bannock",1
"4451 Christensen Rd",1
"4451 Nelson Road",1
"4452 Kent Spur Rd",1
"4452 Trl Creek",1
"4455 Sunnyside Cemetery Rd",1
"4459 White Eagle Cir",1
"4463 Springhill Rd",1
"447 Tracy Ann Dr",1
"4474 US Highway 310",1
"4490 Lone Eagle Dr",1
"44959 Schoolhouse Lane",1
"45 Bay Rd",1
"45 Glacier Mountain Ln",1
"45 Grandview Ln",1
"45 Hanging Wall Road",1
"45 Hitching Post",1
"45 Meadows Loop",1
"45 Meadows Lp",1
"45 Sage Drive",1
"45 Spain Bridge Circ Dr",2
"45 Two Springs Rd",1
"450 151 Rd NW",1
"450 1st Rd NW",2
"450 Carpenter Rd",1
"450 Dunmore Rd",1
"450 Highway 221",1
"450 Road 1AB",1
"4500 Spring Creek Rd",1
"4503 Glass Drive
, PO Box 173120",1
"4505 Custer Frontage Rd",1
"451 16th Rd NW",1
"451 Bass Lane",1
"4512 Red Fox Dr",1
"452 East Stnater Rd",1
"453 Misty Vale Loop",1
"4532 High Trail Rd",1
"454 Meadowlark Dr",1
"454 Rd 544",1
"4541 Highway 212",1
"4543 Hwy 93 S",1
"4544 Old Custer Rd",1
"4545 Mountain View Rd",1
"4547 McGirl Rd",1
"455 Clearview Dr",1
"455 Middle Cotton Wood Lane",1
"455 N Low Bench Rd",1
"4550 Box Cayon Rd",1
"4564 Vandaveer Rd",1
"4576 Hwy 78",1
"45792 US Hwy 2",1
"4580 Powell Hwy",1
"46 Blakely Rd",1
"46 Camp Crk Rd",1
"46 Detlaf Rd",1
"46 Hitching Post Rd",2
"46 Lovers Ln",1
"46 Prairie Glen Way",1
"46 Rockvale Rd",1
"46 Vista Drive",1
"460 Lower Rainbow Rd",1
"460 Misty Vale Loop",1
"4611 Harvest Lane",1
"4616 Union Hill Rd",1
"463 Kammie CT",1
"4630 Corral Dr",1
"4631 Georgina Dr",1
"464 Ismay Rd",1
"464 Morse Ln",1
"4642 Monforton School Rd",1
"465 Holmes Gulch Rd",1
"465 Starrs Rd",1
"4666 US Hwy 93 S",1
"4667 US Hwy 89 S",1
"467 Main Street",1
"46742 US Highway 2",1
"4675 Michener Road",1
"468 Jardine Rd",1
"469 Hwy 16",1
"4691 Wildfowl Lane",1
"47 Camp Creek Rd",1
"47 Canyon Creek Rd",1
"47 Fine Lane",1
"47 Riley Rd",1
"47 Sharptail Ridge Rd",1
"470 Bridger Fromberg Rd",1
"470 Michaels Rd",1
"470 Number 4 Rd",1
"4700 Hwy 875",1
"471 Ashleigh Ln",1
"471 Boradview Bench Rd",1
"4710 Sharon Rd",1
"4717 Jericho Road",1
"472 25th Rd NW",3
"4725 Upper Rd",1
"47301 Hwy 2 East",1
"474 Stillwater River Rd",2
"4745 N Montana Ave",1
"47451 Crow Dam Rd",1
"47452 US Hwy 2 E, PO Box 1510",1
"475 Highway 89",1
"475 Price Rd",2
"475 Price Road",1
"475 Willow Way",1
"4752 Naytura Rdg",2
"4760 Old US Hwy 2",1
"4761 Old Highway 10",1
"4765 Aspen Lane",1
"4772E 900N",2
"4775 East Gallatin",1
"4777 Powmer Rd",1
"478 El Capitan Loop",1
"478 Silvertip Lane",1
"4786 13th Street South",1
"4787 Mitchell Rd",1
"4790 Aspen LA",1
"4790 Aspen Ln",1
"4792 Tronrvd Dr",1
"4794 Musselshell Trail Road",1
"48 Lone Rock Canyon Ln",1
"48 Sundance Trail",2
"48 Ulm Vaughn Rd",11
"48 Ulm Vaughn Rd PO Box 331",1
"48 Ulm Vayghn Rd",1
"480 Ryans Wy",1
"480 Spring Creek Rd",1
"48000 US Hwy 87",1
"4801 Alexander Rd",1
"4801 Aspen Lane",1
"4803 Secret Valley Dr",1
"4804 Lorenz",1
"4811 York Rd",1
"4817 Lorenz Lane",1
"4819 Diamond Falls Rd",1
"4819 Johnson Rd",3
"4819 Johnson Road",1
"482 Rd 527",2
"482 South Shore Place",1
"4822 Chicago Rd",1
"4825 Old Iron Drive",1
"483 Lustre Rd",1
"483 Lustre Road",1
"484 Terrance Loop",1
"484 West Price Rd",1
"4841 Custer Ave.",1
"485 Dry Gulch Rd",1
"485 Farmland Crossing",2
"485 Ranch Crk Rd",2
"4855 S 3rd Rd",1
"485A Highway 10",1
"48725 Gallatin Rd",1
"4878 Greystone Rd",1
"4888 Joslin Trail",1
"4894 Gooch Hill Rd",1
"4896 Craig Frontage rd",1
"4897 Road 2030",1
"49 Autumn Rd",2
"49 Bonnet Rd",1
"49 Bonnett Rd",1
"49 E Hitching Post Rd",1
"49 Moorehead",1
"49 Red Fox Lane",1
"49 Red Fox Ln",1
"49 Sundance Trail",4
"49 Sundance Trl",1
"490 Foley Lane",1
"490 stemple Pass Rd",1
"4900 Arrowhead Drive",1
"4901 Blair Mine Rd",1
"4905 Birdseye Rd",1
"4905 North Wagner Rd",1
"491 Beaverslide Road",1
"491 Middle Rd",1
"491 Sawtooth Ln",2
"4911 S Third Rd",3
"492 Wheat Grass Rd",1
"4920 Arrowhead Drive",1
"4920 Liney Road",1
"4925 Echo Dr",2
"4925 Eden Rd",1
"4925 Hwy 310",1
"4929 Fowler Ln",1
"4930 Ridgecrest Rd",1
"4933 Fox Trot",1
"4949 Danford Dr",1
"4950 Penwell Bridge Rd",1
"4955 Elbow View Rd",2
"4955 Elbow View Rd
, PO Box 173120",1
"4955 Elbow View Road",1
"49652 Hwy 19",1
"4968 US Hwy 89 S",1
"4977 Alkali Creek Rd",1
"4989 Rainier Way",1
"4990 Hidden Valley Dr",1
"4990 Metzger Rd",1
"5  E River Rd",1
"5 Alaska Wy",1
"5 Bannock Trail",1
"5 Diamondback Rd",1
"5 East River Rd",2
"5 Lariat Loop",4
"5 Miles E of Lome",1
"5 Minnie Hall Rd",1
"5 Mule Deer Road",1
"5 Old Clyde Park Road",1
"5 Pegasus Way",1
"5 Ranger Ridge",1
"5 Rodeo Lane",1
"5 Rustler Rd",2
"5 Ryan Rd",1
"5 Sage Trail",3
"5 Shortie Rd",1
"5 Skinner Gulch Ln",4
"5 Skytop Road",1
"5 Slack Pile Road",1
"5 Sunbird Lane",1
"5 Voorhees Road",1
"5 Wegian Ln",1
"50 4th Ln SW",1
"50 Big Sky Dr",1
"50 Frelich Ln",1
"50 Grassy Flats",1
"50 Hail Basin Rd",1
"50 Kiff Rd",2
"50 Mystic View Rd",1
"50 North Plevena Rd",1
"50 Scenic Drive",1
"50 Wagon Trail Rd",1
"50 West Mortimer Rd",1
"50 Windsong Way",1
"500 Courtney Crk Rd",1
"500 Lower Valley Rd",1
"500 Yonder Rd",1
"5000 Chevelle Dr",1
"5001 Rd 1072",2
"5001 Road 1072",1
"5005 Diamond Falls Rd",1
"5005 Dyk Rd",1
"5005 Dyk Road",1
"5005 N Montana Ave",1
"501 Darla Dr",1
"5015 Chief Brave Wolf Tr",1
"502 Johnneys Coal Road",1
"502 Mountain View Dr",1
"502 Snowberry Ln",1
"5024 Hoskins Rd",1
"503 Mountain View Dr",1
"503 W Front",1
"503 Winters Ln",1
"5032 Stallion Ridge Dr",1
"5035 Prospector Gulch",1
"504 N Broadway",1
"504 Sugar Ave",2
"505 Cottonwood Rd",1
"505 S Elm Rd",2
"505 W 1st St",1
"5050 Old Hwy 10 W",1
"5057 Buckskin Dr",1
"506 1st Avenue East",1
"506 E Sweetgrass Rd",1
"5063 Coal Mine Rd",1
"508 Laundre Ave",1
"509 North Stillwater Road",1
"5090 Clearview Rd",1
"50a Circle T Lane",1
"51 Aspen Dr",1
"51 Hitching Post",1
"51 Lakeview Rd",1
"51 N Saturday Dr",1
"51 Parkview Dr",1
"51 Phanon Creek Rd",1
"51 Prosperity Ln",2
"51 Red Land Dr",1
"51 Red Lodge Creek Rd",1
"51 Ropp Road Cooney Dam",1
"510 McDonald Ave S",1
"5100 Eclipse Dr",1
"511 W River Rd",1
"51186 Cheff Ln",1
"5121 Haynes Rd",1
"5125 Lone Meadow Ct",1
"513 N Western",1
"513 Western Dr",1
"5130 High St",5
"5130 High Street",2
"5133 Lake Rd",2
"5138 Cimmeron Dr",1
"514 Hyalite View Dr",1
"514 N Montana",1
"514 South McDonald Ave",1
"5140 Muerrill Rd",1
"5142 Stallion Ridge Dr",1
"5145 Husky Drive",1
"5145 Walden Loop",1
"5149 Montana City Dr
",1
"515 Kings Way",1
"515 S 8th St",1
"515 S 8th Street",1
"515 South Logan Avenue",1
"51516 Herak Rd",1
"5155 Lone Meadow Ct",1
"5157 US Hwy 89 South",1
"5158 Edna Creek Rd",1
"516 Bourne Ln",1
"516 Majerus Rd",1
"517 2nd Street SE",1
"517 Main St",1
"518 N Henry",1
"51846 Hillside Rd",1
"52 1st Ave",1
"52 Adolph Rd",1
"52 Crazy Horse Ln
PO Box 173120",1
"52 Davidson Creek Rd",1
"52 Jack Rabbit Ln",1
"52 Knapp Rd",1
"52 Lariat Lane",1
"52 Lombard Rd",1
"52 Monahan Rd",1
"52 S Centurion Way",1
"52 Winding River Rd",1
"520 Treece Gulch Rd
, PO Box 173120",1
"5200 Copeland Lane",1
"5200 Hidden Valley Dr",1
"521 1st Ave NW",1
"521 Labrador Dr",1
"521 Labrados Dr",1
"5221 Blue heron Dr",1
"5225 Collins Dr",1
"5226 Larimar Lane",1
"5229 Pryor Mtn View Drive",1
"523 Roxie Ln",1
"5234 Green Keal Dr",1
"5242 Buena Vista Rd",1
"5242 Byena Vista Rd",1
"5244 Cimmeron Dr",1
"525",1
"5250 Moon Ridge Trl",1
"5254 Frenchman Ridge Road",1
"526 N Montana Ave",1
"527 Cat Creek Rd",1
"527 Ln 8 1/2",2
"527 Tom Miner Road",1
"527 W River Rd",1
"5277 Spaulding Bridge Rd",1
"528 Popham Ln",1
"528 Roxie Ln",2
"529 D St.",1
"529 W G Rd",1
"53 Baking Powder Rd",3
"53 Brandon Trail Rd",1
"53 Brandon Trail Road",1
"53 Brandon Trail rd",1
"53 Brandon Trl Rd",3
"53 Gannaway Loop",1
"53 Longhorn Dr",1
"53 Old Stagecoach Rd",1
"53 Snowy Rd",1
"53 wild Willie",1
"530 19th Rd NW",1
"530 Cobb Hill Rd",1
"530 Cobb Hill Road",1
"530 Copperhead Rd",1
"530 Starling Dr",1
"531 Upper Luther Rd",1
"53142 B MT Hwy 212",1
"5333 Sunflower Ln",1
"5338 Malek Ct",1
"534 Dutch Hill Rd",1
"534 Hamilton Heights Rd",1
"534 Mill Rd",1
"534 Runway Trail",1
"534 Runway Trl",1
"5343 Mt Highway 200 E",1
"5345 Equestrian Rd",1
"534A Skalkaho",1
"535 Community School Rd",1
"535 Country Road 518",1
"535 Fish Hatchery Rd",1
"535 Fish Hatchery Road",1
"535 Three Bar Trl",1
"5350 Clear View Rd",1
"5350 Divide View Rd",1
"5351 Homer Davis Rd",1
"5351 Hwy 41 North",1
"5353 Range View",1
"536 Broadview Bench Rd",1
"5365 Butcher Rd",1
"5365 Peaks View Dr",1
"538A Skalkaho",1
"54 Billedeaux trail",1
"54 Blue Slide Rd",1
"54 Cottontail Run",1
"54 E Larslan Rd",1
"54 FAS 254",1
"54 Johannsburg Gulch Rd",1
"54 Kiff Rd",1
"54 L&M Ranch Rd",1
"54 Lower Deer Crk Rd",1
"54 Midby",1
"54 Remington Ranch Rd",1
"54 Stone Bluff Lane",1
"54 Stone Bluff Ln",1
"540 Cayuse Trl",1
"541 Pickens Rd",1
"5412 Canyon Ferry Rd",1
"5413 Lone Star Lane",1
"5414 Canyon Ferry Rd",1
"542 Wagon Wheel Rd",1
"5425 Creekmore Rd",2
"5425 Peaks View Dr",1
"5426 Green Teal Dr",1
"543 Belmont Rd",1
"543 Oswego Rd N",2
"5430 Silver Creek Rd",1
"54312 Herak Rd",1
"5432 Burnt Rd",1
"544 Mountain Vista Dr",1
"5440 Heavenly Ln",1
"5440 Sales Rd",1
"5440 Spokane Ranch Road",1
"545 Pioneer Rd S",2
"545 Pioneer Rd So",1
"545 Shepherd Acton Rd",1
"5451 Skalkaho Rd",1
"547 Jardine Rd",1
"5480 Lake Helena Drive",1
"549 E Mendenhall",1
"549 Rd 7",1
"5490 McHugh Ln",1
"55 1st Ln NE",1
"55 Hitching Post Road",2
"55 Isaiah Trail",1
"55 Memory Ln",1
"55 Pilster Dr",1
"55 Pondera Rd",1
"55 Stoican Lane",1
"55 The Way West Road",1
"55 Valley Road
",1
"550 7th Lane NE",2
"550 Deer Run",1
"55001 Herak Rd",2
"5505 Foster Lane",1
"5505 Lester Ln",1
"5507 Mountain Voew Dr S",1
"5508 Sun Hill Drive",1
"5510 Moon Ridge Trail",1
"5515 79 Trail",1
"552 Tie Chute Ln",1
"5522 Mountain View Dr S",1
"55220 Gallatin Hwy",1
"5527 Hw 2",1
"5530 Churchill Rd",1
"5530 Frontage Rd",4
"5530 Stucky Road",1
"5532 Stucky Road",1
"5535 Staffanson Rd",1
"5541 Powmer Road",1
"5543 Old Eastside Hwy",1
"555 Melstone Custer RD",1
"555 Melstone Custer Rd",2
"555 S Dry Creek Rd",1
"555 Towering Pines",1
"555 Towering Pines Rd",3
"5555 Crestridge Rd",1
"5560 Foster Lane",2
"5560 Foster Ln",1
"5560 N Montana Ave",1
"5560 Spur Dr",1
"5570 Stemple Pass Rd",1
"5574 Rd 1070",1
"55755 Logan Rd",1
"5579 W US Highway 12",1
"558 Johny Creek Trail",1
"558 Mill Rd",1
"558 Mill Road",1
"5580 Lane 56",1
"5581 Whitetail Ln",1
"5589 Hamm Rd",1
"56 Coon Creek Loop",1
"56 Sheep Camp Rd",1
"56 Upper Midnight Lane",1
"56 Upper Midnight Ln",1
"56 W Arrow Creek  Rd",1
"56 Webber Lane",1
"560 Arrow Hill Dr",1
"560 South Bellview Rd",1
"5606 XB Road",1
"561 Flicker Lane",1
"561 Flicker Ln",1
"561 Horse Thief Rd",1
"561 Rd 452",1
"561 Shell Oil Rd 603",1
"5610 Creek Dr",4
"5610 Hauser Dam Rd",1
"5610 Hwy 89 N",1
"5630 Crow River Rd",1
"5630 Yellowstone Trl",1
"5634 Bengston Rd",1
"564 Graham Ranch Ln",4
"567 Cartersville Rd",1
"5670 Eagle Ridge Rd",1
"5670 Thorpe Rd",1
"5675 Buffalo Jump Rd",2
"5676 Hwy 120",1
"568 Cougar Dr",2
"568 Ringneck Lane",1
"5686 Secretariat Ct",1
"57 Broken Wheel Rd W",1
"57 Eddy Peak Rd",2
"57 Hitching Post Rd",1
"57 Hulbert Rd E",1
"57 Korner Ranch",1
"57 Sawmill Rd",1
"57 Taylor Mesa Lane",1
"57 Taylor Mesa Ln",1
"57 Taylor Mesa Ln.",1
"57 Winchester",1
"5702 Sunset Rd",1
"5708 Danford Rd",1
"5716 Oxbow Ln",1
"572 Division Rd",1
"5723 Austin Rd",1
"5730 Heron Glenn",1
"5730 Pharlap Ct",1
"574 Dream Ln",1
"574 Harvey Lane",1
"574 Harvey Ln",1
"5740 12 Mile Rd",1
"5741 Derby Dr",1
"5749 Meadow Vista Dr",1
"575 HWY 253 N",1
"575 Highway 253 N",1
"575 Warner Ln",1
"5750 Bear Claw Lane",1
"5756 Sunset Rd",1
"576 Grubsake",1
"5760 Hitchcock Rd",1
"577 Armington Rd",1
"577 Arntzen Ln",1
"577 Reynolds Rd",1
"577 Tracy Ann Dr",1
"577 Tracy Ann Drive",1
"5770 Redwing Rd",1
"5775 Creekview Dr",1
"5775 Timber Trail Dr
, PO Box 173120",1
"5779 Hwy 287",1
"5785 Yellowstone Tr",1
"5789 Creekview Rd",1
"58 Chandelle Place",1
"58 S Centurion Way",2
"58 Wagon Trail Rd",1
"580 58th ST W",1
"580 Garden Ave",1
"580 Quast Lane",1
"581 Goon Hill Rd",1
"581 Stargazer Wy",1
"581 Willow Creek Road",1
"5810 Perrys Ct",1
"5824 Racehorse Loop",1
"5825 S 19th Ave",1
"5825 S 19th St",1
"583 Willow Creek Cross Rd",1
"5830 Hauser Dam Rd",1
"5835 Homestead Place",1
"5835 Spaulding Bridge Rd",1
"584 Billingsley Rd",1
"584 Wishart Rd",1
"5843 Lazy Lane",1
"5843 Lazy Ln",1
"585 1st Rd South",1
"585 HWY 117",1
"5855 Gooch Hill Rd",1
"5857 Buffalo Jump Road",1
"586 Skalkaho Hwy",1
"587 Joliet-Fromberg Rd
",1
"5871 Collins",1
"5875 Shangrila Dr",1
"5879 Cottonwood Rd",1
"588 Russell Trail",1
"5880 Ferry Dr",2
"5883 US HWY 191 N",1
"5883 US Hwy 191 N",1
"5885 Benchland Road",1
"589 Bass Lane",1
"5891 Sypes Canyon",4
"59 Airport Rd",2
"59 Hitching Post Road",1
"590 8th Lane NE",8
"590 8th Ln NE",5
"590 US HWY 87 N",1
"5900 Foster Ln",2
"5900 MT Hwy 541",1
"5901 Head Ln",1
"591 Coal Creek",1
"591 Community School Road",1
"591 Eden Road",2
"592 Harris Rd",1
"592 S Sunset Bench Rd",1
"5920 Mountain Heritage Dr",1
"5938 Buffalo Trail",1
"5951 Gin Dale Rd",3
"596 Hwy 16",2
"5960 Michaels Dr",1
"598 Fishel Creek Road",1
"599 High Tower Road",1
"6 5th St SW",1
"6 Central Ave",1
"6 Coulee Dr",1
"6 Gates Rd",2
"6 Gillis Ln",1
"6 Horny Toad Trl N",1
"6 Lazy SL Rd",1
"6 Meadow Muffin Rd",1
"6 Montana Street",1
"60 Castle Rock Rd",2
"60 Langerdorf Rd",1
"60 S Centurion Way",1
"60 S. Centurion Way",1
"60 Vowder Voorn Rd",1
"600 1st Rd NW",1
"600 Cheyenne Ave",1
"600 S Custer",2
"600 Warm Springs Creek Rd",1
"6000 Ferry Drive
, PO Box 173120",1
"6004 Shadow Circle",1
"6005 Pleasant Hollow Trl",1
"601 First Ave SW",1
"601 Little Valley Rd",1
"601 Montague",3
"601 Road 605",1
"601 Ruby River Drive",1
"601 Spring St",1
"6020 Birds Eye RD",1
"6020 Birdseye RD",1
"6020 Pine Meadows Rd",1
"6020 Springhill Community Rd",1
"6020 Springhill Community Road",1
"603 MT 200 E",1
"6040 Ferry Dr",1
"6040 S 3rd Rd",1
"6040 South 3rd Rd",1
"6042 Lincoln Rd West",1
"605 Big wall Rd",1
"605 Centurion Way",1
"605 E Bryant",1
"605 Hyalite View Dr",1
"6050 Willow Creek Rd",1
"606 Frank Rd",2
"606 Josephine",1
"606 S Logan Ave",1
"6065 Davis Creek Rd",1
"6065 Davis Creek Road",1
"607 Grantsdale Rd",1
"607 Highland Park",2
"6075 Center Drive",1
"608 2nd Ave NE",1
"6085 Rosendale",1
"609 All View Lane",1
"6090 N Montana Ave",1
"6098 Head Lane",1
"61 4th Rd NW",2
"61 Agate Dr",1
"61 Alanta Creek Rd",1
"61 Double H Ln",4
"61 Ledford Creek Rd",1
"61 Main",1
"61 Moonwater Ln",1
"61 Schneider Rd",1
"61 Tower Rock Road",1
"61 Wapiti Rd",1
"610 Jeanne Rd",1
"610 Rappold Ranch Lane",1
"610 Whittier",1
"611 B Ave E",1
"611 Foley Ln",1
"6111 York Rd",1
"6114 Anna Brown Dr",1
"612 Painted Robe Road",1
"612 Ponderosa Dr",3
"612 Ponderosa Drive",1
"612 Rd 226",1
"612 Wises Way",1
"6125 Carlessa Lane",2
"6125 Pleasant St",1
"6128 Blue Creek Road",1
"613 River Rd",1
"613 WIldhorse Trail",1
"6145 Church Road",1
"6145 Double Creek Rd",1
"6146 Victoria Ln",1
"615 1st St W",1
"615 Antelope Ridge Rd",1
"615 East Cameron Bridge Road",1
"615 Stone Creek Loop",1
"6150 Crestline Drive",1
"6150 N Montana Ave",1
"6169 Linck Circle",1
"617  Kainu",1
"617 Eastside Highway",1
"6170 Linck Circle",1
"618 Alkali Creek Rd",1
"618 Ranch Access S",1
"618 Washington St",2
"6189 Road 2033",1
"619 NE Main",2
"619 Sourdough Rd",1
"62 Pinecrest Rd",1
"620 E Alkali Creek Road",1
"620 Stockett Road",1
"620 Wises Way",1
"6200 Copper Rose Dr",1
"6200 Sypes Canyon Rd",1
"6201 Churchill Rd",1
"6201 Churchill Road",1
"621 E Old Hwy 10",1
"621 South White Street",1
"6219 Shadow Cir",1
"6220 Jasper Rd",1
"6225 Big Block Blvd",2
"6225 Turk Rd",1
"623 14th St SE",1
"623 N Haggin",1
"6230 Jem Drive",1
"6230 Jen Dr",1
"62336 Foothill Rd",1
"62480 Hwy 87",1
"6249 Virgelle Ferry Rd N",1
"625 Linden St",1
"625 Winchester Rd",1
"6252 Frey Rd",1
"626 Cave Rd",1
"626 Highway 89",1
"626 US HWY 89",2
"6270 W Fork Rd",1
"628 10 E Rd",1
"628 El Capitan Loop",1
"628 Minnie Hall Rd",2
"6285 Johnson Rd",1
"629 Mountain View Drive",1
"629 Woodley Ln",1
"6290 Barr Creek Rd",1
"63 Blackhawk Dr",1
"63 Fort Pease Rd",1
"63 Hidden Springs Road",1
"63 N Canyon Dr",1
"63 Rattler Rd",2
"63 Sugar Mtn Rd Apt A",1
"630 Knopp St",1
"630 Rapelje Rd
, PO Box 173120",1
"630 Wild Rose Ave",1
"6300 Alamosa Lane
, PO Box 173120",1
"6300 Bear Paw Drive S",1
"6301 Bear Paw Dr N",1
"6301 Belleview St",1
"6304 Bear Paw Dr S",1
"6305 Victoria Ln",1
"631 5th Rd NE",1
"631 Bowman Rd",1
"631 Sweathouse Creek Rd",1
"6318 Bear Paw Dr
, PO Box 173120",1
"632 Coulee Dr",3
"632 Coulee Drive",1
"6320 Penwell Bridge Rd",1
"6320 Penwell Bridge Road",1
"6324 Shepherd Rd",1
"633 Outback Rd",1
"633 Sindelar Rd",1
"6335 Raven Rd",1
"634 Quast Ln",1
"634 Winding Creek Tr",1
"634 Winding Creek Trail",2
"6350 Twin Pine Rd",1
"6371 Buffalo Berry Ln",1
"6380 Leonard St",1
"6385 Montana Hwy 41",1
"639 Highway 10",2
"639 Hwy 10",1
"6390 Johnson Rd",1
"6390 MT Hwy 41",1
"6390 Sypes Canyon Rd",1
"6398 Marysville Rd E",1
"64 MT HWY 360",1
"64 MT Hwy 360",1
"64 Pardue Rd",1
"640 Dry Gulch Road",1
"640 Old Divide Rd",1
"6410 Buffaloberry Ln",1
"6411 Thorpe Rd",1
"642 Sweeney Creek Loop",1
"6420 Hwy 41",1
"64370 Gallatin Rd",1
"644 Road 303",1
"6466 Highway 12",2
"6467 Boyd Road",1
"6476 Heavenly Ln",1
"648 West H",1
"649 Johny Creek Trail",1
"6491 Swift Dam Rd",1
"6493 Highway",1
"6497 US Highway 212",3
"6497 US Hwy 212",2
"6497 US Hwy 212 S",1
"65 Gateway Trail",1
"65 Haxton Lane",1
"65 Lame Jones Trail",2
"65 Murphy Lane",1
"65 Myers Rd",1
"65 N Main",1
"65 Queens Pt Rd",1
"65 Ramshorn Creek Rd",1
"65 Ranchette Road",1
"650 Corral Rd",1
"650 Ronda Rd
",1
"650 S Davis",1
"650 S Davis St
",1
"6501 Fox Farm Rd",1
"6501 Leverich Ln",2
"6510 Frenchman Dam Rd",1
"6510 Frenchman Dan Road",1
"6512 Martell Ln",1
"6513 Frey Rd",1
"6519 Elder Grove Ln",1
"65245 Gallatin Road",1
"6529 Jackson Creek Rd",1
"653 Whatley Rd",1
"6543 Frey Road",1
"6558 Big Rock Rd",1
"657 Coulee Drive",1
"657 US Highway 191 N",1
"6574 S Hwy 212",2
"6575 Donny Dr",2
"658 Crooked Creek Dr",1
"6593 Virgelle Ferry Rd N",2
"6599 Double Creek Rd",3
"66 4th Lane SW",1
"66 Cottonwood",1
"66 Harper Coulee Rd",1
"66 Lode Rd",1
"66 Old Highway 91",1
"66 Old Hwy 91",1
"66 Upper Flat",1
"66 W Arrow Cr",1
"6600 Heavens View Lane",1
"6614 Shepherd Rd",1
"6615 MT HWY 434",1
"6615 MT Hwy 434",1
"6615 Montana Hwy 434",1
"662 Stockett Rd",1
"6621 Brave Lookout",1
"663 W Rosebud Rd",1
"6631 Brave Lookout",1
"6663 Hwy 323",1
"6665 US 212 S",1
"667 My Lane",1
"6673 S 3rd Rd",1
"6690 Sourdough Canyon Rd",1
"67 Edge Dr",1
"67 Lower Rainbow Rd",1
"67 Road 240",1
"67 Saddle Peak Loop Rd",1
"67 U Cross Ln",1
"670 Mill Rd",1
"670 Shepherds View Trl",1
"670 US Hwy 89",1
"6701 Hofferber Rd",1
"6705 Shooters Bluff",1
"6707 Steiner Dr",1
"6719 Elder Grove Lane",1
"672 Winding Rd",1
"6723 Duck Creek Rd",1
"673 Farewell Road",1
"6738 Shepherd Rd",2
"675 Blue Roan Lane",1
"675 Blue Roan Ln",4
"675 Carmen Lane",2
"675 Carmen Ln",2
"675 McIver Rd",1
"675 Star Ridge Rd",1
"675 Star Ridge Road",1
"676  W Shoshone Dr",1
"6765 Trade Center Ave",1
"678 Highway 214 N",1
"679 Hwy 363",1
"68 Airport Rd",1
"68 Green Coulee",1
"68 Martinez Gulch Rd",1
"680 Daney Way",1
"6809 Carl Bement Mem Hwy",1
"6810 Three mile Rd",1
"6811 Kirby Rd",1
"6812 Gooch Hill Rd",1
"6815 Samynel Ln",1
"6818 US Hwy 312",1
"682 Whispering Pines",2
"6824 US HWY 312",1
"6827 Sand Hollow Rd",2
"6829 Brave Lookout",1
"6832 Shepherd Rd",1
"68331 US Hwy 87",1
"684 Lane 10",1
"6840 Trade Center Ave
, PO Box 173120",1
"6840 Trale Center Ave",1
"6845 Joshua Tree Ln",1
"685 Alvista Loop",1
"685 Sunny Acres Dr",1
"6875 Scratchgravel Drive",1
"6895 Austin Rd",1
"69 Goldie Rd",1
"690 Mocking Bird Dr",1
"690 Mockingbird Dr",1
"690 Nye Rd",1
"6900 Jackson Creek Rd",1
"6900 Petterson Rd",1
"6905 Neibower Rd",1
"691 Colette Ln",1
"691 Sypes Canyon Spur Road",1
"6910 Bret Ln E",1
"6913 W Fork Rd",1
"6914 Majestic Ct",1
"6917 Popelka Rd",1
"692 Oilfield Rd",1
"6923 Prosperity Lane",1
"693 West Rosebud Road",1
"6940 Brave Lookout",1
"6940 Green Meadow Dr",1
"696 High Point Road",1
"696 W Ward Lane",1
"697 Sarpy Basin Rd",3
"698 N Trout Creek Rd",1
"6984 Sail View Rd",1
"6988 Sail View Rd
",1
"6991 S 19th Rd",1
"7 Aspen Dr",1
"7 Aster Ln",1
"7 Bridge Path Drive",1
"7 Chickadee Ln",1
"7 Fraker Loop",1
"7 Galena Gulch",1
"7 Highlander",1
"7 Miles North of Basin",1
"7 N Jefferson St",1
"7 Ranch Trail",1
"7 Silver Sage Rd",1
"7 Sully Ln",2
"70 Amdahl Ln",1
"70 Cayuse Trail",1
"70 Cayuse Trl",2
"70 Dick Rd",2
"70 Red Lodge Crk Road",1
"70 Sand Rock Rd",1
"70 Tobe Ln",1
"70 Wisley Rd",1
"700 Bluewater Rd",6
"7000 Beaver Creek Rd",1
"7000 Sidell Rd",1
"7005 Custer Avenue",1
"701 20th Rd NW",1
"701 W River St",1
"7011 Hwy 200",1
"7012 Shepherd Rd",1
"7013 Molt Rd",1
"702 B Ave West",1
"702 N 23rd St",3
"702 Ranch Ridge Ln",1
"703 Saddle Drive",1
"704 Adirondac",1
"704 Custer Ave",1
"704 Otter Creed Rd",1
"704 Otter Creek Rd",1
"704 Otter Crk Rd",1
"7048 Pryor Ridge Tr",1
"7048 Pryor Ridge Trail",1
"7048 Viscaya Rd",1
"7049 Pryor Trail",1
"705 8th St SE",1
"705 Big Wall Rd",1
"705 Hwy 12",1
"705 Hwy 191",3
"705 Keil Lane",1
"705 Stonegate Dr",1
"707 Box Elder Creek Rd.",1
"7082 Bear Hollow Ct",1
"709 7th St NW",1
"709 Dean St",1
"709 Fred Burr Road",1
"709 Minnesota Lane",1
"7093 Dry Creek Rd",3
"71 Birdtale Creek",1
"71 Park Rd",1
"710 Rd 12",1
"710 W Thrush Ln",1
"711 Selms Rd",1
"7110 Pryor Road",1
"712 Broadway",1
"712 East Pryor Road",1
"714 Astor Ave",2
"714 W Evelyn",1
"7145 Frontier Dr
",1
"7146 D Bar K Lane",1
"715 Black Hawk Ln",1
"715 Wagner Lane",1
"7160 Lake Shore",1
"7165 Frontier Dr.",1
"717 Logan",2
"717 Logan Ave",2
"7175 MT 278",1
"719 Clarks River Rd",1
"719 Loma Ln",1
"719 River Rd",2
"7190 Lakeshore Dr",1
"7195 US HWY 212",1
"7198 Gunn Road",1
"72 Road Xux",1
"72 Sweetgrass Hills Rd",1
"72 Talcott Lane",1
"720 Hwy 363",1
"7200 S 19th Avenue",1
"7205 Church Rd",1
"721 Clark River Rd",1
"721 Clarks River Rd",1
"721 W Desta St",1
"7215 Church Rd",1
"722 28th Rd NW",1
"722 Mobile Ave",1
"723 Clarks River Rd",1
"723 Lower Sweet Grass Rd",1
"724 Redwater Rd",1
"7240 Churchill Rd",1
"7240 Spaulding Br Rd",1
"7241 Nezperce Rd",1
"7245 Eggebrehet Ln.",1
"726 Tongue River Rd",1
"726 Wilson Rd",2
"7268 Bailey Dr",1
"7268 US Hwy 89",1
"7272 Oxford Dr
",1
"728 Lane 11 1/2",1
"7280 Midnite Dr",1
"729 Hickory Lane",1
"7295 Priest Pass Rd",1
"7297 Solituder Rd",1
"7299 Priest Pass Rd",1
"73 Curlew Ln",1
"73 Higgins Rd",2
"73 Jeffers Rd",2
"730 Belfry Hwy 120",1
"730 Duncan Ln",1
"731 19th Rd NW",1
"731 E Carlyle Rd",1
"7310 W US Hwy 12",1
"7316 Cottonwood Rd",2
"732 N Wayner Lane",1
"7320 Churchill Road",1
"7323 Accristo
",1
"7323 Accristo Rd
",1
"7323 Charolais",1
"7326 Kendra Lynn Rd",1
"734 Fred Burr Rd",1
"7340 Churchill Road",1
"7340 Wild Game Trl",1
"735 Prairie View Rd",1
"735 W Bench Road",1
"7350 Churchill AD",1
"7351 US Hwy 12E",1
"7351 US Hwy 12E
, PO Box 173120",2
"7358 Layla Loop",2
"7363 Cider Dr",1
"7368 Gilt Edge Stage Rd",1
"738 Lane 11",1
"738 Mountain Vista Dr",1
"7380 Jellison Rd",2
"7380 S 19th Ave",1
"7381 S Lodge Grass Creek Rd",1
"74 Blatchford Road",1
"74 Diamond King Rd",1
"74 Pumpkin Creek Rd",2
"74 Pumpkin Crk Rd",1
"74 Rock Creek Rd",1
"74 Valley View Rd",1
"740 Crestwood LN",1
"7400 Churchill Rd",1
"7402 Danford Rd",2
"741 Hwy 431",1
"7412 Maiden Rd",1
"742 Medicine Rock Rd",1
"7444 Molt Rd",1
"7447 9th St W",1
"746 Pine Creek Rd",1
"747 Springhill Rd",1
"747 Wilson Rd",6
"7470 Candlelight Rd.",1
"748 Rail Road Highway",1
"748 Railroad Hwy",1
"7485 Virgelle Ferry Rd N",1
"75 Appaloosa Lane",1
"75 Bar Jr Pl",1
"75 Dolan",1
"75 Fox Rd",1
"75 Fox Road",1
"75 Rocky Rd",1
"750 Buck Bear Rd",1
"750 Middle Skunk Cr Rd",1
"750 N Wagner",1
"7500 Priest Pass Rd",2
"7500 Wild Game Trl",1
"7509 York Rd",1
"7523 Loon Rd",2
"7523 Loon Rd
, 7523 Loon Rd",1
"753 Dean Creek Rd",1
"754 Pryor Loop",1
"7550 Nez Perce Drive",1
"756 Fishing Lane",1
"7560 Kingpost Loop",1
"759 Springhill Rd",1
"7590 Nez Perce Dr",1
"76 BLM Rd 5115",1
"76 Granite Hill Ln",1
"76 Journey Rd",1
"76 Lower Flat Rd",1
"76 Sather Rd",1
"76 Steep Rd",1
"76 Stene Rd",1
"76 Sundowner Rd",1
"76 Waterfowl Way",2
"760 Triple Tree Rd",1
"7600 Thorpe Rd",1
"7606 Duck Creek Rd",1
"761 Hwy 13 S",1
"7611 York Rd",1
"7615 Molt Road",1
"762 Broadview Bench Rd",1
"7626 Neibauer",1
"764 West G Rd",1
"7640 Spear Dr",1
"7641 Charolais St",1
"765 Daffy Hills Ln",1
"765 Maynard Rd
, PO Box 173120",1
"7650 Nez Perce Dr",1
"7659 US Hwy 89",1
"76599 Gallatin Rd",1
"76599 Gallatin Road",1
"766 Honey House Lane",1
"7661 Kingpost Loop",1
"768 W G Rd",2
"7680 Goldenstein Lane",1
"7680 Goldenstein Ln",1
"7690 Fowler Lane",1
"7697 Old Shelby Road",1
"77 Arena Dr",1
"77 Bench Rd",1
"77 Centennial Trl",1
"77 Ledgend Court",1
"77 Little Bear Rd W",2
"77 Lower Hat Creek Lane",2
"77 Oasis Rd",1
"77 Sunset Dr",1
"770 Capistrano Dr",1
"770 Lane 13",1
"770 Motsiff Rd",1
"7700 Gilt Edge Stage Rd",1
"7700 White Rd",1
"77017 Gallatin Rd",2
"7709 170th Ave SW",1
"771 Kindness Wy",1
"772 28th Rd NW",1
"772 Hwy 340",1
"772 Hyalite View Dr",1
"7720 Highway 312",1
"773 Nye Rd",1
"774 East Side Hwy",1
"7744 Buckskin Dr",1
"7744 Us Hwy 312",1
"7746 Canyon Ferry Rd",1
"775 Bauer Ln",1
"775 Heron Ct",1
"775 Moffit Gulch Rd",1
"776 Cougar Dr",1
"7767 Bear Claw Lane",4
"7781 Nez Perce Drive",1
"779 Hollibaugh Rd",1
"7796 N Rolin Rd",1
"77A Arena Drive",1
"78 1st Lane NE",1
"78 1st Ln NE",1
"78 Beartrax St",1
"78 Broadview Beach Rd",1
"78 High Pines Bluff Rd",1
"78 Ten Mile Rd",1
"780 Paige Ln",2
"780 Stillwater River Rd",1
"7801 York Rd",1
"7804 Buckskin Dr",1
"781 Aspen Lane",2
"781 Roudebush Lane",1
"7810 S 19th Ave",1
"78105 Gallatin Rd",1
"7818 Molt Rd",1
"782 Bauer Ln",1
"782 E Rosebud Rd",1
"7825 Gooch Hill Rd",1
"783 MT Hwy 2 W",2
"783 MT Hwy 2 West",1
"7842 Hwy 12",1
"785 9th St S",1
"785 Moffit Gulch Rd",5
"7861 Hwy 212",1
"787 Old Corvallis Road",1
"7875 Highway 363",1
"7875 Margaret Ln
",1
"789 N Birch Cr Rd",1
"789 W Armells Rd",1
"7891 Hwy 7",1
"79 Trail",1
"790 Wagner Rd",1
"7900 Leverich Rd",1
"7908 Pinto Drive",1
"791 East Old High 10",1
"792 Rd 2AB",1
"7951 HW 12",1
"796 Stonegate Drive",1
"799 Bluewater Rd",6
"799 Hwy 298",1
"8 400 Ranch Circle",1
"8 Centennial Rd",1
"8 Culbertson Ln",1
"8 Daniel Rd",1
"8 Dillman Road",1
"8 Howell Gulch Rd",1
"8 Mackley Rd",1
"8 Morgan Drive",1
"8 Mossy Ln",1
"8 Pioneer Ln",1
"8 Prairie Elk Dr",1
"8 Redrock Trl",1
"8 Richland Trail",2
"8 River Drive",2
"8 S Boulder Bear Rd",1
"8 Simard Lane",1
"8 Stekar Blvd",1
"8 Wagoon Wheel Ln",1
"80 Baking Powder Rd",1
"80 Chickadee Rd",1
"80 Loch Leven",1
"80 Schwend Rd",1
"80 Tande Ln",1
"800 Parker Dr",1
"8002 West Fork Rd",1
"8008 Highway 212",1
"802 6th St No",2
"802 Eagles Ridge Dr",1
"8022 Danford Avenue",1
"803 Lustre Rd",2
"8038 Frey Rd",1
"8045 Green Meadow Dr",1
"805 Franklin Mine Rd",1
"8051 Fowler Lane",1
"8051 Fowler Ln",1
"806 S Central Ave",1
"807 S 3rd",1
"81 Chestnut Rd",1
"81 Durango Lane",1
"81 Luedtke Road",1
"8103 Pinon Place",1
"8117 Alamosa Circle",1
"812 Cresent Rd",1
"812 Willoughby Ln",1
"813 w Armells Rd",1
"8135 Pier Road",1
"814 Drane Lane",1
"8145 Lupine Ln",1
"815 Rifle Rd",1
"81590 Gallatin Rd",1
"8160 Springhill Community Rd",1
"8160 Springhill Community Rd
PO Box 173120",1
"8166 Frontage Rd",1
"8169 Highway 59N",1
"8180 Rolling Hills Dr",1
"8191 Red Ridge Dr",1
"82 Jimmy Green Rd",1
"82 Lower Rainbow Rd",2
"82 Moose Lane",1
"82 Sillivan Rd",1
"82 W Yellowstone Tr",1
"82 W Yellowstone Trail",1
"820 Snyder Ave",1
"821 Kansas Ave",1
"821 Ridge Rd N",1
"8215 Fowler Lane",1
"8215 Fowler Ln",1
"822 1st Rd NW",1
"822 S McGillen",1
"822 South McGillen",1
"8229 Thorpe Rd",1
"824 Ismay Rd S",1
"824 Kelly Circle",1
"824 Road 8",1
"8247 Hwy 47",1
"825 Bulltail Rd",2
"826 Jackson Coulee Rd",1
"8265 Fowler Ln",1
"829 Grebe Rd",2
"829 Grebe Road",1
"83 Bannock Trail",2
"83 Bannock Trl",1
"83 Parrot Ditch Rd",1
"83 Scheider Rd",1
"830 N Shoshone Loop",1
"831 S 27th Rd NW",1
"8310 Bridger Shadows Rd",5
"8316 Huffine Ln",1
"832 Emma St",1
"8325 Hwy 91 S",1
"8325 Hwy 915",1
"8330 Evergreen Dr",1
"8330 Evergreen Drive
",1
"834 N Sunnyslope Rd",3
"84 McCord Rd",1
"84 Prairie View Lane",1
"8400 Little Gully Run",1
"8405 LIttle Gully Run",1
"8409 Scandia Road",1
"841 Washington Street",1
"8416 Lake Park Trail",1
"8427 Lake Park Trail",1
"8427 Lake Park Trail
",1
"843 Peppergrass Ln",1
"8431 Lake Park Trail",1
"8447 Goldenstein Ln",1
"845 Sunny Vista Rd",1
"8450 Drake Lane",1
"846 Tay Circle",1
"848 Bozeman Hill",1
"8485 S Fork Creek Rd",1
"849 Twin Rivers Cutoff",3
"85 2nd Ave East",1
"85 Bay Horse Crk Rd",1
"85 Chestnut Rd",1
"85 Edge Drive",1
"85 Mountain Goat",1
"850 Hahn Rd",1
"850 Marias Ave",1
"850 Mill Iron Rd",1
"8507 Huffine",2
"8507 Huffine Lane",3
"851 Rd 261",1
"851 S Sunset Bench Rd",1
"8521 Silverberry Lane",1
"853 Spring Creek Rd",1
"854 Constitution Ave",1
"854 Hwy 248",4
"8540 King Ave West",1
"856 Glider Lane",1
"856 Peppergrass Ln",1
"8575 Hwy 212",1
"8575 Little Hellgate Rd",1
"859 Old Apple Tree Terrace",1
"86 Antelope Rd",1
"86 Curlew Rd",1
"86 Keyser Crk Rd",1
"860 Lane 4",1
"8601 E Hwy 200",1
"8604 Scandia",1
"861 4  Mile Rd",1
"861 Bear Creek Trail",1
"8622 Danford Avenue",1
"8625 Silverberry Ln",1
"8632 Danford Ave",2
"8646 Hillview Dr",1
"8648 E Panorama Dr",3
"865 Mint View Rd",1
"8655 Bridger Canyon  Rd",1
"8655 Bridger Canyon Rd",4
"8661 Lazy Elk Rd",1
"868 Greystone Ln",2
"87 Cayuse Trl",1
"87 Juniper Rd",1
"870 Middlemas Rd
",1
"870 Motsiff Rd
",1
"8703 Lincoln Rd West",1
"871 Rd 19",1
"873 Hedgesville Rd",1
"873 Hedgesville Road",1
"873 Skaggs Ln",1
"8730 Razor Creek Dr",1
"8732 Sasoma Drive",1
"874 Pine View Dr",1
"8783 Douglas Cir",1
"879 Sandrock Road",3
"8794 Lorejay Road",1
"8794 Lovejoy Rd",4
"8794 Lovejoy Road",1
"8797 Incline Rd",2
"8799 Cottonwood Rd",2
"88 3rd Street",1
"88 Aquila",2
"88 E Anderson Rd",1
"88 Minni Hall Rd",1
"88 Mizpah Rd",1
"88 Mizpah Road",1
"8801 Shonkin Rd",1
"881 Parker Dr",1
"8825 Gee Norman Rd",1
"883 Campfire Trail",1
"884 Rd 238",1
"8846 American Bar Rd",1
"8848 Camelot Lane",1
"885 Sierra Rd W",1
"886 Prairiedale Rd",1
"887 Bear Creek Trail",1
"8870 US Hwy 191",2
"888 Old Corvallis Rd",1
"8880 Canyon Ferry Rd",1
"89 Granite Peak Rd",1
"89 Lonepine Rd",1
"89 Stoney Lane",1
"890 Hwy 323",1
"8905 W Fork Duck Creek",1
"8929 Gold Dust Trl",1
"8929 Susanna Dr",1
"8937 Sandy Creek Lane",1
"895 Bowman Rd",1
"895 Capistrano NW",1
"8952 Susanna Dr",1
"896 E Old Hwy 10",3
"896 E Old Hwy 10
PO Box 173120",1
"897 Cobb Hill Road",1
"8999 Barton Place",1
"9 10 mile Rd",1
"9 1st St E",2
"9 Blackman St",1
"9 Chickadee Lane
",1
"9 Chickadee Ln",1
"9 Eagle Ln",1
"9 East Freeman Ln",1
"9 Feaker Loop",1
"9 Latigo Trl",1
"9 O'Connor Rd",2
"9 Spruce Drive",1
"9 Talon Dr",1
"90 Tanzie Trail",1
"90 W Sunshine Rd",1
"90 Westend Loop Road",1
"900 Beef Trail",1
"900 Cloud Nine Road",1
"900 E Finch Ln",1
"900 Mansfield Ln",1
"901 Lydia Rd",1
"9010 King Ave W",1
"902 Bowman Rd",1
"903 Pryor Creek Rd",1
"903 Pryor Creek Road",1
"906 Alpine Way",1
"907 William St",1
"908 Indian Creek Road",1
"908 West Washington",1
"909 Bald Eagle Dr",1
"91 Lazy Home Road
",1
"91 Moose Meadow",1
"91 Plevna Rd",1
"91 Rd 564",1
"91 Trails End Rd",1
"910 Cooney Ridge Rd",1
"912 Granite Ave",1
"913 Granite",1
"915 Ave B NW",1
"916 Whitetail Road",1
"917 1st Eve N - Suite 3",1
"918 Fred Burr Rd",1
"918 Porter Hill Rd",1
"9191 Churchill Rd",1
"9195 Country Club Rd",1
"92 Amber Lily",1
"92 Centennial Trl",1
"92 Medicine Rocks Rd",1
"92 Prosperity Rd",1
"920 Kodiak Pl",1
"9200 Tipperarie Trl",1
"9216 Lipp Rd",2
"922 Little Willow Creek",1
"922 Union Rd",1
"9239 US Hwy 212",1
"924 Horse Creek Rd",1
"924 Lane 11 1/2",2
"924 Millegan Rd",3
"924 N Third St",1
"925 10th Ave",1
"925 Menlo Park Rd",1
"9251 Pike Creek Rd",1
"9251 Pine Creek Rd",1
"9263 Deer Walk Way",1
"9265 Trooper Trail",1
"9275 Jordann Ln",1
"928 Point of Rock Road",1
"9286 Hwy 313",1
"929 Michael Lane",1
"9296 Lodge Grass Cr Rd",2
"93 Cherry Creek",1
"93 LF Baum Rd",1
"93 Larkin Ln",1
"93 Lower Cedarview",2
"93 MT Hwy 2 E",1
"93 Miller Lane",1
"93 Patterson Rd",1
"93 Plevna Rd",1
"93 Rusty Duck Ln",1
"93 Young Road",1
"9301 Rudio Rd",1
"9319 Lincoln Rd W",1
"9340 Sanctuary Estates Dr",1
"935 Gash Creek Rd",3
"935 Lake Elmo Drive",1
"9355 Razor Creek Rd",1
"936 Otter Creek Rd",1
"94 Rodeo Rd",1
"9410 Hwy 313",1
"9410 Trooper Trl",1
"9420 Dry Creek Rd",1
"944 Springhill Road",1
"945 Dawson Co Rd 159",1
"945 Dawson County Rd 159",1
"945 Potts Rd",1
"946 Dean Ck Rd",1
"949 Foxy Ln",1
"95 Bridger Meadow Lane",1
"95 Marcus",1
"95 Whitetail Rd",1
"950 County Line Rd",1
"950 Rosebud Creek Rd",1
"950 Sleeping Child",1
"951 Gash Creek Rd",2
"9516 US Hwy 12 W",1
"9548 Ponderosa Rd",2
"955 River Rd",1
"955 Trail Creek Road",1
"956 Rd 19",1
"956 Summer Ridge Road",1
"9568 McFarland Rd",1
"957 Hidden Valley Rd S",1
"957 Mosby Rd",1
"958 Independent Ln",1
"958 LeCoure Ln",1
"958 Nye Rd",2
"959 Cooney Ridge Rd",1
"96 Bluewater Road",1
"96 Rodeo Rd",1
"96 S Grove Creek Rd",1
"960 Hwy 59 S",1
"960 Rd 17",1
"9622 Hwy 363",1
"9625 West Fork Road",1
"9640 McCranie St",1
"97 Big Sky Dr",1
"97 Moorhead Rd",2
"97 N State Hwy 59",2
"971 NW Pennel Rd",2
"9710 Quail Lane",2
"9710 Quail Ln",2
"972 First Street",1
"973 Hwy 20 S",1
"975 Missouri Overlook Ln",1
"98 Cottonwood Road",1
"98 Elk Dr",2
"98 Haypress Lake Tr",1
"98 Sunset Ln",1
"980 Bellview Road",1
"980 Lone Mountain Trail",4
"9809 Molt Rd",1
"981 1st Street",1
"984 Mallard Spring Rd",1
"9845 Bullhook Rd",1
"985 Blue Lake Lane",2
"9872 Highway 212",1
"9873 Highway 212",1
"989 MT Hwy 2 West Alaska Way",1
"99 Klock Rd",1
"99 Moosetracks",1
"991 Corvallis Hills Dr",1
"991 First St",1
"992 Powderville Rd",2
"992 Powderville Road",1
"9924 Hwy 363",1
"994 Pathfinder Rd N",1
"995 Rosebud Creek Road",1
"995 US Hwy 89",1
"9975 Happy Acres Rd W",1
"998 Road 3",1
"Ash Creek Rd",1
"BGSW Water Works Petrolia Bench Road",1
"Basin Lake Meadows Lot 36",1
"Bear Grass Suites 300 W Thompson St",1
"Bear Gulch Rd",1
"Bergstrom Hill Rd",1
"Bluewater Rd",1
"Box 1014 Boehs Rd",1
"Box 128",1
"Box 1324",1
"Box 14101 Rd",1
"Box 14101 Rd 480",1
"Box 1444",1
"Box 167",5
"Box 18",1
"Box 207",1
"Box 219",1
"Box 305",2
"Box 307",1
"Box 313",1
"Box 334",1
"Box 391 Ranch Creek Rd",3
"Box 456",1
"Box 493",1
"Box 5031",1
"Box 6",1
"Box 687",1
"Box 72",1
"Box 95",2
"Brewer Place Well",1
"Castle Bar",1
"Castle Bar Cabin Sites, Lot #12",1
"Castle bar Cabin Sites Lot 12",1
"Cemetary Rd",1
"Cemetery Loop Rd",1
"Century School Rd",1
"Chalk Buttes Route 1001",1
"City Water supply",1
"Corner of Rd 8 and Hwy 312",1
"Cottonwood Creek",1
"Cottonwood Road",1
"DD Gilger Ranch 8 Gilger Rd",1
"Denny Creek Rd",1
"Ellis Ranch",5
"Erickson Place",1
"Glacier County Sec 35 35 N 9W",1
"Glen Range - West of Baker",1
"Grove Creek",1
"HC 36 Box 2300",1
"HC45 Box 930",2
"Hammond Valley Rd Lane 37",2
"Hendrickson Rd",1
"Hinsdale City Water",1
"Horse Creek Shorty Calum",1
"Houseman Hill-South Side",1
"Hwy 12 E",3
"Hwy 87 S",1
"Hysham/Sumatra Rd",1
"Jeffers Loop Rd",2
"Jeffers Loop Road",1
"Jim Ball Basin Area",2
"Johnston Ln",1
"Judith River Road",2
"Lot #12, Castle Bar Cabin Site",1
"Lot 11 Three Bars Trail",1
"Lot 12 Castle Bar subdivision",1
"Lot 20 Crane Acres",1
"Lot 43 Bullwheel Ranch Subdivision",1
"Lot 68 State Park Rd",1
"Main Trunk Well",1
"Mallard Spring Road",1
"Marshall Minor Subdivision Lot 1",1
"Meadow Creek Rd",1
"Melsom Res Lot 88",1
"Mid Cannon Heights",1
"Mile 35 Red Hill Rd",1
"Mine Site",1
"Moorhead Rd",3
"NE 1/4 NW 1/4 31 T12N R52E",1
"NE 1/4 Sec 35 Twn 33 N R 34 E",1
"NHN Six Point Lane Lot A3",1
"North 484 Price Rd",1
"North Nelson Resvoir",1
"North West Corner 14th & M",1
"North of DY Trail",1
"P.O. Box 115 6183 Whiteker Rd",1
"P.O. Box 1439",1
"P.O. Box 196",1
"P.O. Box 558",2
"P.O. Box 68",1
"PO BOX 1049",1
"PO BOX 252",1
"PO BOx 11",1
"PO Box 101",1
"PO Box 11",1
"PO Box 1128",1
"PO Box 115",4
"PO Box 1219",1
"PO Box 128",11
"PO Box 13",1
"PO Box 130",2
"PO Box 1301",1
"PO Box 1304",1
"PO Box 1314",1
"PO Box 1318",1
"PO Box 1345",1
"PO Box 1389",1
"PO Box 139",1
"PO Box 14",1
"PO Box 147",1
"PO Box 1535",2
"PO Box 158",5
"PO Box 160",1
"PO Box 1610",1
"PO Box 162",1
"PO Box 165
",1
"PO Box 167",2
"PO Box 171",1
"PO Box 175",1
"PO Box 183",1
"PO Box 190",1
"PO Box 190
",1
"PO Box 193",1
"PO Box 20",1
"PO Box 2046",1
"PO Box 2201",1
"PO Box 221",1
"PO Box 2221",1
"PO Box 224",1
"PO Box 236",1
"PO Box 238",1
"PO Box 252",2
"PO Box 27",3
"PO Box 271",1
"PO Box 274",2
"PO Box 296",1
"PO Box 302",1
"PO Box 303",1
"PO Box 31712",1
"PO Box 322",1
"PO Box 33",1
"PO Box 361",1
"PO Box 401",1
"PO Box 403",1
"PO Box 417",1
"PO Box 42",2
"PO Box 446",1
"PO Box 454",1
"PO Box 473",1
"PO Box 476",1
"PO Box 50",6
"PO Box 501",1
"PO Box 52",1
"PO Box 530",1
"PO Box 533",1
"PO Box 547",1
"PO Box 552",1
"PO Box 558",1
"PO Box 575
",1
"PO Box 583",1
"PO Box 599",1
"PO Box 6",2
"PO Box 613",2
"PO Box 621",1
"PO Box 629",2
"PO Box 631",1
"PO Box 641",1
"PO Box 65",1
"PO Box 654",1
"PO Box 71",1
"PO Box 716",1
"PO Box 73",3
"PO Box 7506",1
"PO Box 755",2
"PO Box 76",1
"PO Box 776",2
"PO Box 8211",1
"PO Box 84",1
"PO Box 849",1
"PO Box 874",1
"PO Box 881",1
"PO Box 917",8
"PO Box 927",1
"PO Box 970",1
"PO Box 99",1
"Po Box 195",1
"Po Box 25",1
"Po Box 697",1
"Pond Water",1
"Porcupine Rd",1
"Pox 456",1
"Pryor Rd",2
"R1 Box 1074",1
"RT 1 Box 1144",1
"Ranch house",1
"Razor Creek Rd; # 4",1
"Rd 20 N 2729",1
"Rd521 Box 10",1
"Road 16 Corral Rd",1
"Road 16 Hillside",1
"Rondol Rd",1
"Rt 1, PO Box 1144",3
"Rte 1 Box 1120",1
"Rte 1 Box 45",1
"Rural Creek Musselshell",1
"Rural Musselshell",1
"S8000 Storm Castle Road",1
"SW Davis & Satterfield Roads",3
"Sandy Arrow Ranch",1
"Sec 10-T7N-R57E",1
"Sec 15, Town 23N Range 59 E Richland Co",1
"Sec 17 Tank Battery Cabin Creek",1
"Sec 18-T7N-R57E",1
"Sec 2-T7N-R57E",1
"Sec 20 T9N R30E",1
"Section 1 Township 5 S Range 21 E Plot 1784 Carbon County Stormitt Butte Subdivision Lot 11 Whitetail Drive",1
"Section 3, Township 16 North, Range 59 East",1
"Serenity Lane",1
"Sigler Lab, Leon Johnson Hall
, PO Box 173120",1
"Silver Saddle Rd",1
"Skycrest",1
"Smith Road",1
"South 14 Road",1
"South Hinsdale",1
"Southern Cross",1
"Spaulding Bridge Rd",1
"Spring 1 Mile West of Gorden Exit",1
"Spring 1 south of power",1
"Spring Feeding Pond",1
"TN 22N Rng 9W Sect 33 Lot 19 43 E Mortimer Gulch Rd",1
"Tayler Ln",1
"Tony's Road",3
"Tract 149 Sec25 7N 20W",1
"Tunnel Lake Rd",1
"US Hwy 212",1
"Vauble Rd 1",1
"Viertel Samuel Ranch",1
"West of Hardin",1
"Whiskey Ridge Ranch River Lodge, PO Box 174",1
"Windmill Ln",1
